image_path,brisque,piqe,niqe,biqi,filename,image_name,MOS,SD,MOS_zscore
koniq10k_512x384\8522515607.jpg,10.39276123046875,28.333717346191406,2.9009062576690945,89.37041423200142,8522515607.jpg,8522515607.jpg,2.84615384615385,0.587395613849414,51.0448113207547
koniq10k_512x384\107505789.jpg,2.98968505859375,25.607091903686523,4.1549879313344755,89.29624215142935,107505789.jpg,107505789.jpg,3.1,0.594588390010563,54.35
koniq10k_512x384\9967844514.jpg,19.03192138671875,54.646671295166016,3.5718148861875094,88.94741381291404,9967844514.jpg,9967844514.jpg,3.33333333333333,0.573539334676404,65.2548076923077
koniq10k_512x384\2376602512.jpg,19.10968017578125,49.19855880737305,4.467389661030015,89.15266330629399,2376602512.jpg,2376602512.jpg,2.91666666666667,0.582052443280648,50.7920353982301
koniq10k_512x384\10077468576.jpg,9.29583740234375,41.20845031738281,3.256439353783824,89.1579779131781,10077468576.jpg,10077468576.jpg,3.66037735849057,0.514305679955861,73.8152173913043
koniq10k_512x384\6474704871.jpg,19.51409912109375,30.266538619995117,3.9682912109826227,89.13694511738622,6474704871.jpg,6474704871.jpg,3.07547169811321,0.627893124171503,55.65625
koniq10k_512x384\9005613417.jpg,4.09539794921875,19.0330867767334,2.3998904051881076,89.34016098197085,9005613417.jpg,9005613417.jpg,3.37037037037037,0.677993088385809,63.7995689655172
koniq10k_512x384\8562649420.jpg,2.89007568359375,15.090147972106934,3.8259204453204916,89.24463668981838,8562649420.jpg,8562649420.jpg,3.32727272727273,0.592136404274997,62.4555084745763
koniq10k_512x384\5506212777.jpg,17.67340087890625,41.371273040771484,3.5239094383790968,89.19291440655132,5506212777.jpg,5506212777.jpg,3.19285714285714,0.573973009309879,62.2295918367347
koniq10k_512x384\2739038267.jpg,21.65484619140625,31.374164581298828,4.191741626753635,88.86108820982196,2739038267.jpg,2739038267.jpg,3.87037037037037,0.597386716944033,77.4934210526316
koniq10k_512x384\2931922629.jpg,27.98370361328125,31.88449478149414,8.014164243909823,89.16384449688488,2931922629.jpg,2931922629.jpg,3.34285714285714,0.568881686843911,63.5862068965517
koniq10k_512x384\9230996141.jpg,24.74481201171875,34.245269775390625,3.052676641260616,89.28859233027731,9230996141.jpg,9230996141.jpg,3.71428571428571,0.549725206078275,75.1052631578947
koniq10k_512x384\4549109010.jpg,58.78265380859375,48.25642013549805,3.853327693515168,88.91715311421932,4549109010.jpg,4549109010.jpg,3.49514563106796,0.540039693671242,71.125
koniq10k_512x384\10609356094.jpg,12.55670166015625,34.37323760986328,2.4326867497606095,89.31996437466789,10609356094.jpg,10609356094.jpg,3.47619047619048,0.680712834732799,67.0
koniq10k_512x384\6825162524.jpg,30.97479248046875,30.537561416625977,5.559230664873246,89.08178184504263,6825162524.jpg,6825162524.jpg,2.04672897196262,0.572699294966035,28.0378151260504
koniq10k_512x384\8552550792.jpg,24.80316162109375,22.706707000732422,3.3336032972751917,89.27197350406826,8552550792.jpg,8552550792.jpg,2.71717171717172,0.572149617231404,46.9861111111111
koniq10k_512x384\5847946773.jpg,40.17181396484375,25.377714157104492,6.797616357139045,88.36634751368666,5847946773.jpg,5847946773.jpg,2.60377358490566,0.739101710675986,43.8705357142857
koniq10k_512x384\7189264298.jpg,10.43365478515625,29.843982696533203,2.5739773139477933,89.35322637543477,7189264298.jpg,7189264298.jpg,3.93333333333333,0.559303596287842,79.8256302521008
koniq10k_512x384\10911095273.jpg,16.56317138671875,17.336801528930664,2.9771896409477465,89.49947636435343,10911095273.jpg,10911095273.jpg,3.66355140186916,0.581863065548848,71.3805309734513
koniq10k_512x384\8705060352.jpg,19.28240966796875,52.87413024902344,5.648150212811266,89.30213179011038,8705060352.jpg,8705060352.jpg,2.77981651376147,0.628899658797715,48.7631578947368
koniq10k_512x384\468518360.jpg,29.95623779296875,21.447376251220703,2.4634379776118043,89.62674263076691,468518360.jpg,468518360.jpg,3.35643564356436,0.575919411304074,64.8807339449541
koniq10k_512x384\10721124556.jpg,14.57879638671875,38.16850280761719,3.2848856986185906,88.99667386291533,10721124556.jpg,10721124556.jpg,3.14545454545455,0.67506525184252,58.4579646017699
koniq10k_512x384\7163084628.jpg,9.05792236328125,21.554189682006836,3.343360368411978,89.22106479421846,7163084628.jpg,7163084628.jpg,3.85436893203884,0.512735206482347,81.0176991150443
koniq10k_512x384\6942738260.jpg,27.24725341796875,54.9654426574707,6.567941217456549,89.655475282344,6942738260.jpg,6942738260.jpg,3.36448598130841,0.589091455315854,64.3947368421053
koniq10k_512x384\4905609957.jpg,31.56317138671875,17.28575897216797,2.899970698324024,89.53824571841616,4905609957.jpg,4905609957.jpg,2.74285714285714,0.537597422809103,47.1710526315789
koniq10k_512x384\5990072932.jpg,7.22650146484375,12.162818908691406,3.6381804129913657,89.43056389664768,5990072932.jpg,5990072932.jpg,3.27272727272727,0.486686812414118,61.7820512820513
koniq10k_512x384\8877114673.jpg,43.37982177734375,52.56746292114258,7.591457752541166,88.43850693959038,8877114673.jpg,8877114673.jpg,2.31531531531532,0.555664744934667,36.4679487179487
koniq10k_512x384\5034975248.jpg,16.63775634765625,42.15823745727539,3.725110862232407,88.49562490362763,5034975248.jpg,5034975248.jpg,3.33333333333333,0.736244575373126,64.5408653846154
koniq10k_512x384\6376701103.jpg,14.81829833984375,33.931827545166016,2.455761181577417,89.5622308565917,6376701103.jpg,6376701103.jpg,3.22330097087379,0.576195072410062,60.7948717948718
koniq10k_512x384\6147638271.jpg,19.39544677734375,43.25609588623047,2.8774557475698765,89.07505327030566,6147638271.jpg,6147638271.jpg,3.75238095238095,0.568076247268466,76.5486111111111
koniq10k_512x384\4524543534.jpg,8.96905517578125,47.3900032043457,4.129636868973996,89.24845320252773,4524543534.jpg,4524543534.jpg,3.23584905660377,0.625671247807053,61.8163716814159
koniq10k_512x384\8668692139.jpg,41.50457763671875,43.40654754638672,4.549574215564357,88.78577124007218,8668692139.jpg,8668692139.jpg,2.55445544554455,0.538056642459741,41.725
koniq10k_512x384\8041987489.jpg,49.38372802734375,51.02414321899414,6.376201167139536,88.54777472363176,8041987489.jpg,8041987489.jpg,2.56310679611651,0.775480912302499,43.4181415929204
koniq10k_512x384\7295363820.jpg,35.09930419921875,49.80411911010742,5.48938719555215,89.30147034339942,7295363820.jpg,7295363820.jpg,3.18627450980392,0.951605128158669,60.0441176470588
koniq10k_512x384\4495910719.jpg,49.25506591796875,43.274497985839844,7.974630662178759,88.85586724801195,4495910719.jpg,4495910719.jpg,2.71844660194175,0.677618027171757,45.4661016949153
koniq10k_512x384\5967167167.jpg,14.40313720703125,30.667701721191406,3.176505892472003,89.33582183771799,5967167167.jpg,5967167167.jpg,3.40952380952381,0.566623570867177,65.4934782608696
koniq10k_512x384\5290105717.jpg,24.64031982421875,22.48417091369629,4.903537774321029,89.34848251017095,5290105717.jpg,5290105717.jpg,1.67289719626168,0.595196193031854,17.3513513513514
koniq10k_512x384\4583125138.jpg,13.59075927734375,32.1707649230957,2.7756606419812964,89.47625784257909,4583125138.jpg,4583125138.jpg,3.60377358490566,0.491436093467161,71.1608695652174
koniq10k_512x384\9767373513.jpg,17.90948486328125,52.92055130004883,3.6732577759406273,89.43972362645276,9767373513.jpg,9767373513.jpg,2.3921568627451,0.67716448336183,36.4977064220183
koniq10k_512x384\9034707954.jpg,6.71551513671875,34.512081146240234,3.6894695115805027,89.4271006195014,9034707954.jpg,9034707954.jpg,3.06422018348624,0.642264935495184,57.2302631578947
koniq10k_512x384\7878410170.jpg,18.10101318359375,10.723388671875,3.9305281810390063,89.48378151013301,7878410170.jpg,7878410170.jpg,2.6,0.529876618439831,41.8913043478261
koniq10k_512x384\10241895785.jpg,8.98858642578125,21.104324340820312,3.0006070638055276,89.53228074861434,10241895785.jpg,10241895785.jpg,3.57281553398058,0.6199611269846,67.0736607142857
koniq10k_512x384\1429848565.jpg,30.53021240234375,42.78374099731445,4.300403330168335,89.13009566173328,1429848565.jpg,1429848565.jpg,3.49,0.611258017236881,67.8325688073395
koniq10k_512x384\8250498441.jpg,17.72015380859375,39.91807174682617,3.740201240033915,89.31598904889725,8250498441.jpg,8250498441.jpg,3.20491803278689,0.529127218219362,60.8125
koniq10k_512x384\4456369143.jpg,15.13824462890625,38.39787292480469,3.4457320516076226,89.44830994623163,4456369143.jpg,4456369143.jpg,3.28181818181818,0.637250662617026,62.385593220339
koniq10k_512x384\6864569694.jpg,13.28521728515625,21.441980361938477,2.811874679701451,89.35035219091874,6864569694.jpg,6864569694.jpg,3.37864077669903,0.562147577692258,65.8851351351351
koniq10k_512x384\10265315316.jpg,13.16278076171875,58.2988395690918,4.320232291428817,89.64150280413449,10265315316.jpg,10265315316.jpg,3.31372549019608,0.526155346500202,62.9513888888889
koniq10k_512x384\5667464271.jpg,54.58233642578125,61.87788391113281,7.855514432887715,88.97352096323468,5667464271.jpg,5667464271.jpg,3.71428571428571,0.453920649501602,74.1176470588235
koniq10k_512x384\7822391242.jpg,-0.04840087890625,9.224170684814453,4.046294037607769,89.3119228637932,7822391242.jpg,7822391242.jpg,3.15238095238095,0.661887632529297,60.0441176470588
koniq10k_512x384\4358436337.jpg,10.35614013671875,18.46478271484375,3.723475902385549,89.17033680584727,4358436337.jpg,4358436337.jpg,3.48148148148148,0.61873373074401,64.9201680672269
koniq10k_512x384\5517472829.jpg,35.70294189453125,28.237634658813477,5.192515703523464,87.33123063746835,5517472829.jpg,5517472829.jpg,3.8018018018018,0.519086957504491,75.739406779661
koniq10k_512x384\6419135601.jpg,20.65203857421875,26.648056030273438,3.0788449702205374,89.47484592845015,6419135601.jpg,6419135601.jpg,3.35779816513761,0.585676812974409,63.35625
koniq10k_512x384\8132808180.jpg,13.85577392578125,32.878604888916016,3.408651541090024,89.47835439033477,8132808180.jpg,8132808180.jpg,3.14583333333333,0.648547635172405,57.285046728972
koniq10k_512x384\5354741393.jpg,6.58148193359375,22.89204216003418,2.406710288001854,89.45516171657599,5354741393.jpg,5354741393.jpg,3.18627450980392,0.460958797515768,59.2847222222222
koniq10k_512x384\6543370923.jpg,11.88079833984375,28.722545623779297,2.759724030261643,89.48197875406831,6543370923.jpg,6543370923.jpg,3.33333333333333,0.548891657143786,64.9557522123894
koniq10k_512x384\8214901795.jpg,1.00018310546875,22.080278396606445,2.296860320451014,89.2740337396355,8214901795.jpg,8214901795.jpg,3.42307692307692,0.552000909178717,67.3891509433962
koniq10k_512x384\2952066894.jpg,6.08648681640625,38.60799026489258,4.786206399556642,89.20607527302852,2952066894.jpg,2952066894.jpg,3.56,0.608359277155375,70.2702702702703
koniq10k_512x384\3560022258.jpg,21.36492919921875,19.24586296081543,4.269253189585178,89.4316917874694,3560022258.jpg,3560022258.jpg,2.48484848484848,0.541419833394177,38.7683486238532
koniq10k_512x384\11006895124.jpg,9.52777099609375,26.13751220703125,2.9077017930826923,89.18587749908923,11006895124.jpg,11006895124.jpg,3.38834951456311,0.757097265084732,66.2567567567568
koniq10k_512x384\9351387644.jpg,23.58416748046875,38.03417205810547,5.599511795728272,89.1549915391601,9351387644.jpg,9351387644.jpg,3.9811320754717,0.41360510440508,84.4491150442478
koniq10k_512x384\6142593562.jpg,25.24542236328125,36.59097671508789,3.947930909350538,89.24708990310359,6142593562.jpg,6142593562.jpg,2.96190476190476,0.553377905438143,52.5804347826087
koniq10k_512x384\2300197705.jpg,19.11944580078125,37.67826843261719,4.1092051447022255,89.05031365862271,2300197705.jpg,2300197705.jpg,3.22115384615385,0.723485774166954,59.4736842105263
koniq10k_512x384\4750416133.jpg,9.56549072265625,27.119354248046875,4.56225186349525,88.97023900386539,4750416133.jpg,4750416133.jpg,3.43119266055046,0.643586197816351,65.6016949152542
koniq10k_512x384\120328351.jpg,14.23175048828125,7.515870094299316,4.04191060478258,89.44773361968672,120328351.jpg,120328351.jpg,2.4811320754717,0.589287415935903,39.225
koniq10k_512x384\6431960911.jpg,29.21673583984375,54.38438034057617,3.962814239658464,89.33248012242608,6431960911.jpg,6431960911.jpg,3.08,0.50612411142092,54.8142201834862
koniq10k_512x384\7908624656.jpg,42.00164794921875,45.72719192504883,4.581037915042071,88.74023391732726,7908624656.jpg,7908624656.jpg,3.88235294117647,0.532026159690691,82.1768867924528
koniq10k_512x384\7331539774.jpg,18.15216064453125,36.57300567626953,6.6709405275725935,88.71685145292882,7331539774.jpg,7331539774.jpg,3.72727272727273,0.540286891324829,74.4539473684211
koniq10k_512x384\5449529114.jpg,54.81805419921875,52.879947662353516,6.245124489865127,89.29336695494575,5449529114.jpg,5449529114.jpg,3.71171171171171,0.665888161335703,72.3804347826087
koniq10k_512x384\8608282741.jpg,16.83392333984375,37.77174758911133,3.2883528553372843,89.1623801785223,8608282741.jpg,8608282741.jpg,3.71296296296296,0.58086184639443,75.25
koniq10k_512x384\9553679433.jpg,13.68939208984375,25.231599807739258,2.009548327346713,89.51025520093532,9553679433.jpg,9553679433.jpg,3.55769230769231,0.518154362368228,70.3883928571429
koniq10k_512x384\8212033390.jpg,33.45867919921875,60.10174560546875,5.440078525185248,89.04620991972472,8212033390.jpg,8212033390.jpg,3.6078431372549,0.490642390492787,70.0581896551724
koniq10k_512x384\5700146083.jpg,28.16619873046875,31.69031524658203,3.6256532344258,89.01285470363736,5700146083.jpg,5700146083.jpg,3.7,0.674199862463242,73.0550458715596
koniq10k_512x384\10071864114.jpg,23.85272216796875,31.8084659576416,4.332791826589807,89.40942003217641,10071864114.jpg,10071864114.jpg,3.74107142857143,0.532638100593026,71.9090909090909
koniq10k_512x384\139999071.jpg,-4.31353759765625,14.690690040588379,3.8532798265887713,89.19306871743001,139999071.jpg,139999071.jpg,1.97142857142857,0.642368556700406,25.68125
koniq10k_512x384\5859309993.jpg,26.16766357421875,34.888492584228516,2.827190699743816,89.53739238345378,5859309993.jpg,5859309993.jpg,3.57983193277311,0.528762519494814,71.9358974358974
koniq10k_512x384\226477214.jpg,21.49285888671875,26.286428451538086,5.040788559431425,88.9879666209919,226477214.jpg,226477214.jpg,2.51515151515152,0.612183051916503,38.5756302521008
koniq10k_512x384\4668832694.jpg,7.51495361328125,30.150497436523438,2.9695363262390986,89.34469410363937,4668832694.jpg,4668832694.jpg,3.49056603773585,0.502285879874493,68.121359223301
koniq10k_512x384\7367414528.jpg,-0.55377197265625,20.23859214782715,5.311895953327638,88.83185257021975,7367414528.jpg,7367414528.jpg,2.95238095238095,0.684736788017461,52.4324324324324
koniq10k_512x384\7795515978.jpg,18.67901611328125,37.06674575805664,4.085545129130412,88.98546612755663,7795515978.jpg,7795515978.jpg,3.08849557522124,0.63467542497684,55.0833333333333
koniq10k_512x384\79475896.jpg,72.77728271484375,65.31346893310547,7.362252686232675,89.1859276499884,79475896.jpg,79475896.jpg,2.59047619047619,0.615430401227124,42.86875
koniq10k_512x384\8311563943.jpg,23.82977294921875,34.33905029296875,5.678401120468504,89.284041164147,8311563943.jpg,8311563943.jpg,3.59633027522936,0.563048350911192,70.7905405405405
koniq10k_512x384\1500316824.jpg,23.42938232421875,16.058094024658203,3.6584423163665263,89.29853773074996,1500316824.jpg,1500316824.jpg,3.55769230769231,0.588348405414552,72.0955882352941
koniq10k_512x384\3722476330.jpg,25.09661865234375,43.50601577758789,6.370257799687972,89.55180370263916,3722476330.jpg,3722476330.jpg,3.33018867924528,0.643231397498414,62.5905172413793
koniq10k_512x384\3606644176.jpg,27.54937744140625,37.879329681396484,4.609887213086554,88.37237621603367,3606644176.jpg,3606644176.jpg,3.44247787610619,0.680572934809671,67.275
koniq10k_512x384\11245083256.jpg,4.53973388671875,14.221405982971191,2.9860187146351396,89.52065989996993,11245083256.jpg,11245083256.jpg,3.37614678899083,0.742730084386975,61.775
koniq10k_512x384\8108709244.jpg,26.98931884765625,42.4665641784668,3.04916712019961,89.43272821146176,8108709244.jpg,8108709244.jpg,3.70588235294118,0.555587910790175,71.0114678899083
koniq10k_512x384\8650937010.jpg,9.59613037109375,23.851640701293945,2.564897736863917,89.43611534687119,8650937010.jpg,8650937010.jpg,3.17757009345794,0.546223468543532,60.296875
koniq10k_512x384\2428050358.jpg,18.27777099609375,35.82268524169922,2.1739623978342832,89.32343292624178,2428050358.jpg,2428050358.jpg,3.05755395683453,0.548645026243004,57.4413793103448
koniq10k_512x384\6175384810.jpg,17.55767822265625,34.92321014404297,3.365010707209519,88.1844174970926,6175384810.jpg,6175384810.jpg,3.40196078431373,0.567429568562114,67.0793269230769
koniq10k_512x384\3149433848.jpg,45.00262451171875,31.07023811340332,6.46386951966663,88.71876041851789,3149433848.jpg,3149433848.jpg,1.61538461538462,0.545194225793602,15.4736842105263
koniq10k_512x384\2973164436.jpg,31.31024169921875,30.935726165771484,4.5713524366845775,89.19836475724206,2973164436.jpg,2973164436.jpg,2.26605504587156,0.571583275985521,32.5652173913044
koniq10k_512x384\9406497605.jpg,6.03228759765625,27.756404876708984,2.4324500687999118,89.37167072874931,9406497605.jpg,9406497605.jpg,3.5981308411215,0.529503382213656,74.0088495575221
koniq10k_512x384\31490353.jpg,18.84759521484375,34.57374954223633,2.7588228245060513,88.89599853854857,31490353.jpg,31490353.jpg,3.32038834951456,0.6746617486986,61.8081896551724
koniq10k_512x384\10079711433.jpg,26.75360107421875,54.343223571777344,4.358355496660411,89.14512934387726,10079711433.jpg,10079711433.jpg,3.12878787878788,0.530091494771472,59.0625
koniq10k_512x384\10196228605.jpg,-8.38311767578125,17.553279876708984,40.96652645053176,87.63231566687321,10196228605.jpg,10196228605.jpg,3.33333333333333,0.563699396261691,63.8040540540541
koniq10k_512x384\4278181256.jpg,12.05145263671875,13.257616996765137,3.3036413042825705,89.32431289190463,4278181256.jpg,4278181256.jpg,2.69230769230769,0.608626068135469,45.1913043478261
koniq10k_512x384\8455329161.jpg,6.96429443359375,28.135305404663086,3.7504788521719896,89.14969400596321,8455329161.jpg,8455329161.jpg,3.82352941176471,0.495759537405347,79.6129807692308
koniq10k_512x384\8465545790.jpg,36.82879638671875,23.54924774169922,5.372516318878259,86.91805595543629,8465545790.jpg,8465545790.jpg,3.22018348623853,0.566957411770768,62.4509345794393
koniq10k_512x384\2365109175.jpg,22.86566162109375,36.67649459838867,3.0318158146059937,89.48121259900273,2365109175.jpg,2365109175.jpg,2.85436893203884,0.472950003374549,51.8871681415929
koniq10k_512x384\4953733701.jpg,24.77947998046875,42.90426254272461,3.576953836259274,87.36973238302352,4953733701.jpg,4953733701.jpg,4.08490566037736,0.55408310410386,82.3114406779661
koniq10k_512x384\7265767786.jpg,1.82208251953125,13.094772338867188,3.8290476916343565,89.28719606538385,7265767786.jpg,7265767786.jpg,3.67669172932331,0.530135376942176,76.5845588235294
koniq10k_512x384\1429120335.jpg,14.86419677734375,43.75777816772461,2.9521003438387545,89.25548987429578,1429120335.jpg,1429120335.jpg,3.13084112149533,0.567751476149933,59.5675675675676
koniq10k_512x384\8346245093.jpg,37.65960693359375,32.43402099609375,3.372235061083128,89.14456718267824,8346245093.jpg,8346245093.jpg,2.77669902912621,0.576195072410062,49.7361111111111
koniq10k_512x384\11520125355.jpg,0.03485107421875,25.897920608520508,3.3255717416758355,89.33225377586665,11520125355.jpg,11520125355.jpg,3.47572815533981,0.591519482286928,65.7477678571429
koniq10k_512x384\5125398207.jpg,6.89007568359375,39.11568832397461,4.6465631626902075,87.60349462166973,5125398207.jpg,5125398207.jpg,3.3768115942029,0.543077181953011,67.2989130434783
koniq10k_512x384\7092360919.jpg,34.48480224609375,30.061235427856445,4.971535286779371,89.17289002106887,7092360919.jpg,7092360919.jpg,2.87619047619048,0.599603043290984,50.5
koniq10k_512x384\3839953318.jpg,24.88751220703125,28.963146209716797,3.328442880670944,89.37750605380451,3839953318.jpg,3839953318.jpg,3.09090909090909,0.550986680360738,57.2817796610169
koniq10k_512x384\7057320569.jpg,0.27069091796875,32.17276382446289,4.189833605385503,89.48102532925245,7057320569.jpg,7057320569.jpg,3.51428571428571,0.590213222786179,70.1544117647059
koniq10k_512x384\2477552466.jpg,8.96282958984375,14.232693672180176,5.54486910399139,88.9103244525086,2477552466.jpg,2477552466.jpg,1.87962962962963,0.591490949877323,22.1081081081081
koniq10k_512x384\3026852045.jpg,68.81121826171875,63.543277740478516,10.839375121099938,87.07857578083551,3026852045.jpg,3026852045.jpg,3.62376237623762,0.563053907694722,70.6238317757009
koniq10k_512x384\8268523027.jpg,28.94195556640625,48.342987060546875,4.970985313538105,89.17043074200036,8268523027.jpg,8268523027.jpg,2.66981132075472,0.672191839301104,42.9866071428571
koniq10k_512x384\10883456586.jpg,64.17218017578125,57.9080810546875,8.56615796885906,88.59023733475738,10883456586.jpg,10883456586.jpg,2.09615384615385,0.583248864754567,28.8793103448276
koniq10k_512x384\4373225530.jpg,5.17279052734375,23.90528678894043,2.7446649108533436,89.40215950721348,4373225530.jpg,4373225530.jpg,3.43410852713178,0.570703530197462,68.75
koniq10k_512x384\6892058753.jpg,15.11297607421875,9.389275550842285,3.844718374471847,89.1724202190769,6892058753.jpg,6892058753.jpg,3.60185185185185,0.579071361231418,68.85625
koniq10k_512x384\9442161547.jpg,9.21844482421875,34.724464416503906,2.570052797098089,89.33960459775764,9442161547.jpg,9442161547.jpg,3.72477064220183,0.506834029979198,71.614406779661
koniq10k_512x384\8183741020.jpg,9.85943603515625,29.214017868041992,4.426625193718086,89.3808464812099,8183741020.jpg,8183741020.jpg,3.5047619047619,0.539298146522395,66.6283783783784
koniq10k_512x384\8317893385.jpg,10.45062255859375,38.351924896240234,2.2002254412063778,89.3702087698944,8317893385.jpg,8317893385.jpg,3.7962962962963,0.5071315569563,75.18125
koniq10k_512x384\5912070942.jpg,16.41864013671875,44.135986328125,2.692672024251506,88.81435371279386,5912070942.jpg,5912070942.jpg,3.46153846153846,0.573239422405291,69.2706422018349
koniq10k_512x384\7354160932.jpg,20.07733154296875,47.46056365966797,3.7881173584165744,89.41255305632768,7354160932.jpg,7354160932.jpg,3.42,0.535223921797827,67.8325688073395
koniq10k_512x384\8597381500.jpg,48.25579833984375,65.40937042236328,4.209332500701912,89.29325680842697,8597381500.jpg,8597381500.jpg,3.38738738738739,0.5422373041587,67.756880733945
koniq10k_512x384\7579386834.jpg,40.83026123046875,35.113258361816406,3.483548735203274,89.0161085352227,7579386834.jpg,7579386834.jpg,3.05785123966942,0.567120220370088,56.5826271186441
koniq10k_512x384\4289036535.jpg,39.62030029296875,34.54220199584961,5.512832723479733,88.87435444226709,4289036535.jpg,4289036535.jpg,2.2970297029703,0.609008283284317,33.2699115044248
koniq10k_512x384\4265829347.jpg,10.41864013671875,37.36695861816406,2.5489260594400673,89.3288218948453,4265829347.jpg,4265829347.jpg,3.68316831683168,0.508540914171258,75.6183035714286
koniq10k_512x384\6968409021.jpg,24.67889404296875,41.10417938232422,3.183835663494859,89.34861505277613,6968409021.jpg,6968409021.jpg,3.10091743119266,0.651848569787555,56.6701680672269
koniq10k_512x384\11522920033.jpg,14.66229248046875,32.301517486572266,4.121542704030743,88.91006615530515,11522920033.jpg,11522920033.jpg,3.14423076923077,0.614047043369844,57.3275862068966
koniq10k_512x384\8652814108.jpg,6.09552001953125,41.16060256958008,3.5533264043174464,88.61804645883323,8652814108.jpg,8652814108.jpg,2.53465346534653,0.57557547612183,40.9
koniq10k_512x384\4591422965.jpg,5.54168701171875,43.222476959228516,3.767608617777429,89.10810305889878,4591422965.jpg,4591422965.jpg,3.70873786407767,0.553616770564526,76.4391891891892
koniq10k_512x384\6079223986.jpg,21.94378662109375,31.145404815673828,5.804980108492549,88.96118224321408,6079223986.jpg,6079223986.jpg,3.33333333333333,0.529503382213656,63.364406779661
koniq10k_512x384\6788897458.jpg,15.61126708984375,27.99079704284668,3.5852923673538863,89.49494517501785,6788897458.jpg,6788897458.jpg,3.45985401459854,0.528797172004346,69.5384615384615
koniq10k_512x384\8257779790.jpg,5.98773193359375,14.597609519958496,3.3902977019466487,89.13752208421525,8257779790.jpg,8257779790.jpg,1.86915887850467,0.550884574245936,22.9533898305085
koniq10k_512x384\9108357145.jpg,29.56756591796875,45.24539566040039,4.601485027843915,88.9053011367719,9108357145.jpg,9108357145.jpg,2.64705882352941,0.607658365839589,45.5945945945946
koniq10k_512x384\8021456503.jpg,18.44598388671875,33.79710006713867,4.133777932885814,89.23381189938253,8021456503.jpg,8021456503.jpg,3.69724770642202,0.50008494011783,72.7542016806723
koniq10k_512x384\10762659033.jpg,24.69622802734375,32.57133483886719,5.631796538832789,88.37873055985558,10762659033.jpg,10762659033.jpg,2.58,0.638495706858525,42.25
koniq10k_512x384\3130211082.jpg,-4.59796142578125,23.957347869873047,2.845526019280003,89.10507584966655,3130211082.jpg,3130211082.jpg,3.87254901960784,0.520311571307667,76.7697368421053
koniq10k_512x384\8377051997.jpg,9.33831787109375,9.822284698486328,4.622781411539386,89.33370499281014,8377051997.jpg,8377051997.jpg,2.70192307692308,0.589220444222254,45.0491071428571
koniq10k_512x384\4525459727.jpg,10.72833251953125,39.74043655395508,4.102153303490267,89.13289179553264,4525459727.jpg,4525459727.jpg,3.73584905660377,0.539874532027984,76.6
koniq10k_512x384\8502191647.jpg,15.84112548828125,29.65105438232422,2.310801443208491,89.42589546194915,8502191647.jpg,8502191647.jpg,3.49038461538462,0.502328409725477,70.8551401869159
koniq10k_512x384\8003457683.jpg,14.32781982421875,45.1229133605957,5.488489530084162,88.3587117849332,8003457683.jpg,8003457683.jpg,3.03076923076923,0.497099518033221,56.4763779527559
koniq10k_512x384\3465087333.jpg,33.69573974609375,26.90066909790039,8.568317168406027,89.15535853181974,3465087333.jpg,3465087333.jpg,2.34615384615385,0.553352198616052,35.8491379310345
koniq10k_512x384\2421141390.jpg,28.00628662109375,8.65241813659668,3.6553152376351457,89.53977914534923,2421141390.jpg,2421141390.jpg,2.2970297029703,0.625212835048123,34.3716216216216
koniq10k_512x384\11406584295.jpg,17.94464111328125,33.5656623840332,2.6626254041344897,89.48954159664243,11406584295.jpg,11406584295.jpg,3.12380952380952,0.549391938265845,55.3310810810811
koniq10k_512x384\7175697564.jpg,31.75421142578125,46.85783767700195,4.7066002238412175,89.1216352097986,7175697564.jpg,7175697564.jpg,3.63063063063063,0.601935181166513,71.125
koniq10k_512x384\8950318830.jpg,35.83343505859375,45.55122375488281,5.420378033505976,86.76236592039079,8950318830.jpg,8950318830.jpg,3.95049504950495,0.589512300529215,80.3783783783784
koniq10k_512x384\11408443745.jpg,11.08905029296875,34.361968994140625,4.519967780979059,89.36986762759605,11408443745.jpg,11408443745.jpg,3.31,0.563090318750649,63.475
koniq10k_512x384\7445811974.jpg,73.94842529296875,57.32695388793945,8.982158521995594,87.36294714357874,7445811974.jpg,7445811974.jpg,3.63716814159292,0.598539097998721,71.3676470588235
koniq10k_512x384\8939389375.jpg,44.36639404296875,45.17036819458008,6.449452260452458,86.5573805425313,8939389375.jpg,8939389375.jpg,4.1,0.487457361108726,80.3375
koniq10k_512x384\4975773859.jpg,61.03216552734375,58.14881134033203,13.667114243911584,85.66254406505152,4975773859.jpg,4975773859.jpg,3.92523364485981,0.561348352805072,78.1964285714286
koniq10k_512x384\7391355184.jpg,11.61761474609375,27.0305118560791,2.4986904420943095,89.39744324363153,7391355184.jpg,7391355184.jpg,3.82882882882883,0.464638155868215,77.5064102564103
koniq10k_512x384\7913897946.jpg,13.72650146484375,13.908062934875488,3.042801573334564,89.44635099855236,7913897946.jpg,7913897946.jpg,3.16822429906542,0.574390264219721,59.9802631578947
koniq10k_512x384\5602472061.jpg,23.84747314453125,14.59817886352539,2.9915370291451815,89.51992605419386,5602472061.jpg,5602472061.jpg,3.31730769230769,0.595524131992075,60.8310810810811
koniq10k_512x384\356523006.jpg,19.81414794921875,36.889862060546875,2.7491532790835422,89.26335725547999,356523006.jpg,356523006.jpg,3.35779816513761,0.585676812974409,64.3986486486486
koniq10k_512x384\11209221046.jpg,7.87847900390625,31.360275268554688,2.803339483461883,89.36041473421747,11209221046.jpg,11209221046.jpg,3.14432989690722,0.676844558743757,58.75
koniq10k_512x384\9482519952.jpg,21.42669677734375,27.873960494995117,2.642255975059743,89.40198942182099,9482519952.jpg,9482519952.jpg,3.12871287128713,0.541541620498991,57.5047169811321
koniq10k_512x384\4086204414.jpg,47.08148193359375,62.80691146850586,9.55741339563065,88.14973846089407,4086204414.jpg,4086204414.jpg,2.04950495049505,0.589512300529215,27.625
koniq10k_512x384\6040260022.jpg,42.77337646484375,48.521793365478516,6.317743947027,88.69317996546977,6040260022.jpg,6040260022.jpg,2.45631067961165,0.653447854545654,38.3252427184466
koniq10k_512x384\2960552821.jpg,16.11956787109375,12.23037052154541,5.032419714588952,89.18901498746082,2960552821.jpg,2960552821.jpg,1.92079207920792,0.483387387440584,23.9565217391304
koniq10k_512x384\3206690420.jpg,27.10845947265625,28.472515106201172,25.180823439081866,87.20729783254924,3206690420.jpg,3206690420.jpg,3.05825242718447,0.623482356912612,56.6682242990654
koniq10k_512x384\11270280904.jpg,37.43353271484375,53.269081115722656,5.228321606839814,87.8130791194788,11270280904.jpg,11270280904.jpg,2.25714285714286,0.734173677688726,31.7702702702703
koniq10k_512x384\3892086124.jpg,10.01995849609375,16.840221405029297,5.137397816801781,89.30209139101507,3892086124.jpg,3892086124.jpg,3.19424460431655,0.62412486954026,61.2928082191781
koniq10k_512x384\5309326426.jpg,7.57708740234375,38.06466293334961,5.102154773686216,89.51017737956762,5309326426.jpg,5309326426.jpg,3.66019417475728,0.515512272504728,71.0884955752212
koniq10k_512x384\9000701354.jpg,2.82220458984375,31.23326301574707,4.199731388802371,89.19737733689823,9000701354.jpg,9000701354.jpg,3.72897196261682,0.575770090678299,75.7126168224299
koniq10k_512x384\10089027076.jpg,14.35247802734375,4.728200435638428,6.613081198038999,89.35780394982216,10089027076.jpg,10089027076.jpg,1.87037037037037,0.656991053760519,23.0785714285714
koniq10k_512x384\8988143845.jpg,8.22308349609375,42.21819305419922,3.751861498357667,89.63192775968236,8988143845.jpg,8988143845.jpg,3.3495145631068,0.554990511561316,63.9336283185841
koniq10k_512x384\8904864157.jpg,9.94976806640625,27.597976684570312,3.8900457232207,89.01194151772708,8904864157.jpg,8904864157.jpg,3.4812030075188,0.530886961651435,68.5656934306569
koniq10k_512x384\2927008302.jpg,4.41424560546875,46.38756561279297,3.716053652107994,89.38007172894787,2927008302.jpg,2927008302.jpg,3.17647058823529,0.651149246110707,58.1554054054054
koniq10k_512x384\9200093125.jpg,26.29119873046875,51.0482063293457,4.82939365108014,89.32088796910008,9200093125.jpg,9200093125.jpg,3.35714285714286,0.542046522901578,62.875
koniq10k_512x384\8570770544.jpg,7.81683349609375,8.243741035461426,3.1752021889307316,89.03044074342735,8570770544.jpg,8570770544.jpg,3.21153846153846,0.515263659967445,59.2478448275862
koniq10k_512x384\4273357838.jpg,17.41156005859375,52.39474105834961,3.522072255538748,89.72999712722168,4273357838.jpg,4273357838.jpg,3.40366972477064,0.546356044118937,64.25
koniq10k_512x384\5265556048.jpg,66.864501953125,44.69439697265625,28.817916442338962,85.66390625867774,5265556048.jpg,5265556048.jpg,3.65454545454545,0.549167236712308,70.4663865546218
koniq10k_512x384\8171751224.jpg,10.31854248046875,30.00635528564453,2.2213148445150117,89.33530585659832,8171751224.jpg,8171751224.jpg,3.46376811594203,0.542492494345536,68.1538461538462
koniq10k_512x384\434127863.jpg,11.46270751953125,13.327926635742188,4.442639761499825,89.29131970549633,434127863.jpg,434127863.jpg,3.20952380952381,0.689135998848141,58.3080357142857
koniq10k_512x384\6286044979.jpg,18.75799560546875,25.285011291503906,4.226546710892412,89.44094497917722,6286044979.jpg,6286044979.jpg,3.44117647058824,0.555325779182854,66.3060747663551
koniq10k_512x384\5619807447.jpg,31.60101318359375,29.311826705932617,7.7034024413053315,89.17148158098392,5619807447.jpg,5619807447.jpg,3.48039215686275,0.655976215411352,64.7293577981651
koniq10k_512x384\6280923250.jpg,3.95819091796875,33.73109817504883,2.627849859631234,89.31399821735702,6280923250.jpg,6280923250.jpg,3.6,0.547722557505166,69.7737068965517
koniq10k_512x384\5416465084.jpg,17.65447998046875,24.243837356567383,4.909727484935453,89.14662447731675,5416465084.jpg,5416465084.jpg,2.88188976377953,0.4816336819872,52.0590551181102
koniq10k_512x384\8702518420.jpg,23.33233642578125,24.849292755126953,2.77112457641598,89.35031015949023,8702518420.jpg,8702518420.jpg,3.80188679245283,0.524083078124337,76.9568965517241
koniq10k_512x384\6289164461.jpg,12.92156982421875,9.652820587158203,4.644230738821327,89.29958558081667,6289164461.jpg,6289164461.jpg,2.00961538461538,0.56594610720975,25.8223684210526
koniq10k_512x384\10625988224.jpg,7.29827880859375,26.837772369384766,3.6243301603492286,89.07619710094146,10625988224.jpg,10625988224.jpg,3.35294117647059,0.574146957824214,66.8443396226415
koniq10k_512x384\4961486371.jpg,18.63690185546875,42.724185943603516,3.0684751408066195,89.35294796811408,4961486371.jpg,4961486371.jpg,3.34234234234234,0.667362454272523,62.7351694915254
koniq10k_512x384\6143020134.jpg,3.68988037109375,29.24373435974121,3.214587404872858,89.06174819303389,6143020134.jpg,6143020134.jpg,3.43939393939394,0.62097652421578,68.5277777777778
koniq10k_512x384\8520990466.jpg,179.58441162109375,50.250511169433594,16.026083606168324,89.32977306608026,8520990466.jpg,8520990466.jpg,3.10377358490566,0.515091213060161,58.0929203539823
koniq10k_512x384\2768178889.jpg,20.20159912109375,18.795886993408203,5.120968765624162,89.27361108673453,2768178889.jpg,2768178889.jpg,2.56730769230769,0.587316144781357,42.6880530973451
koniq10k_512x384\9094228395.jpg,13.10125732421875,30.259090423583984,3.7685526789774912,89.44234925126501,9094228395.jpg,9094228395.jpg,3.33009708737864,0.63227490785977,61.3053097345133
koniq10k_512x384\8885623781.jpg,-0.29400634765625,26.982450485229492,3.4462852910455846,89.24268244466795,8885623781.jpg,8885623781.jpg,3.64,0.559942276967326,74.125
koniq10k_512x384\5952945336.jpg,42.41583251953125,43.45828628540039,3.532550937697073,89.16684027323745,5952945336.jpg,5952945336.jpg,3.5045045045045,0.520032759000883,67.6991525423729
koniq10k_512x384\8460376605.jpg,24.80023193359375,45.11787796020508,3.305921202338022,89.08620452172063,8460376605.jpg,8460376605.jpg,3.83495145631068,0.525750395161586,78.7857142857143
koniq10k_512x384\6608146543.jpg,18.06707763671875,26.71644401550293,2.971062491300796,89.36677084174006,6608146543.jpg,6608146543.jpg,3.32673267326733,0.531204497177671,63.4861111111111
koniq10k_512x384\3241749396.jpg,49.28802490234375,12.357343673706055,5.397653782108325,87.9473549406687,3241749396.jpg,3241749396.jpg,3.09433962264151,0.488502120418315,58.5943396226415
koniq10k_512x384\5628885328.jpg,20.24237060546875,21.716121673583984,2.81636535097265,89.35264508091625,5628885328.jpg,5628885328.jpg,3.45098039215686,0.556286324530138,69.4092920353982
koniq10k_512x384\5500570132.jpg,32.89727783203125,38.417686462402344,6.577773963278237,89.05354413727697,5500570132.jpg,5500570132.jpg,3.23529411764706,0.548200848288349,63.9855769230769
koniq10k_512x384\8354529751.jpg,16.49224853515625,21.929351806640625,2.772149981135794,89.5161290299014,8354529751.jpg,8354529751.jpg,3.62135922330097,0.507135454975797,69.5384615384615
koniq10k_512x384\4658471909.jpg,39.67425537109375,61.14935302734375,5.657046424851736,88.31706758927486,4658471909.jpg,4658471909.jpg,2.10679611650485,0.640352558517928,29.2432432432432
koniq10k_512x384\2113239475.jpg,39.23468017578125,28.814903259277344,6.50771601351259,88.96749169899287,2113239475.jpg,2113239475.jpg,3.11926605504587,0.648713408190937,58.5328947368421
koniq10k_512x384\8596361580.jpg,10.55523681640625,27.44382095336914,4.844316274524194,89.3312979390624,8596361580.jpg,8596361580.jpg,3.55769230769231,0.554363504117592,66.4054054054054
koniq10k_512x384\5227449110.jpg,18.44549560546875,61.48715591430664,5.205468879463017,89.32499806011472,5227449110.jpg,5227449110.jpg,3.78504672897196,0.549923448929572,74.9726890756303
koniq10k_512x384\6643932717.jpg,17.74139404296875,42.82958984375,5.22077719411405,88.657132702957,6643932717.jpg,6643932717.jpg,2.14018691588785,0.55709147195867,30.1351351351351
koniq10k_512x384\5180032640.jpg,7.04241943359375,15.553845405578613,4.92007466940996,89.30459050824528,5180032640.jpg,5180032640.jpg,3.42990654205607,0.584584185920639,68.2
koniq10k_512x384\9062040259.jpg,2.06829833984375,20.45962142944336,3.202754185997323,89.33809219761575,9062040259.jpg,9062040259.jpg,3.24761904761905,0.69033091815214,59.2435897435897
koniq10k_512x384\8596963541.jpg,18.22174072265625,11.076008796691895,3.7318674808706778,89.5394457036241,8596963541.jpg,8596963541.jpg,2.62857142857143,0.66876957709868,42.7702702702703
koniq10k_512x384\2631446955.jpg,32.0308837890625,52.94071578979492,4.83969348440652,89.1991789035253,2631446955.jpg,2631446955.jpg,4.0,0.563699396261691,79.925
koniq10k_512x384\11087687983.jpg,5.67681884765625,18.089168548583984,3.088894387789131,89.23200831178217,11087687983.jpg,11087687983.jpg,3.87387387387387,0.407143421616715,76.0889830508475
koniq10k_512x384\5685134916.jpg,9.90057373046875,46.49740219116211,5.570246356060161,89.16930123665347,5685134916.jpg,5685134916.jpg,3.31,0.563090318750649,63.6697247706422
koniq10k_512x384\8599891034.jpg,49.96392822265625,39.07918930053711,2.899981837057183,88.17658467270388,8599891034.jpg,8599891034.jpg,3.32727272727273,0.592136404274997,62.7302631578947
koniq10k_512x384\9687081006.jpg,30.14923095703125,52.42073440551758,3.750292759213423,88.60170643999746,9687081006.jpg,9687081006.jpg,3.45544554455446,0.574886988463777,66.4701834862385
koniq10k_512x384\11201160185.jpg,1.42950439453125,12.130156517028809,3.652678682171463,89.31974387273681,11201160185.jpg,11201160185.jpg,3.24299065420561,0.580193876108751,62.3197115384615
koniq10k_512x384\7974813040.jpg,10.62567138671875,35.641258239746094,3.1234717446108236,89.12994957580804,7974813040.jpg,7974813040.jpg,3.61267605633803,0.503161516153142,74.4893617021277
koniq10k_512x384\156451756.jpg,13.41436767578125,35.00484085083008,2.832859128683768,87.90761281710783,156451756.jpg,156451756.jpg,2.85858585858586,0.700001472448903,48.0735294117647
koniq10k_512x384\2615955728.jpg,-1.27447509765625,9.597551345825195,3.9561132500372387,89.17232952815766,2615955728.jpg,2615955728.jpg,3.5,0.671189279938938,66.7828947368421
koniq10k_512x384\6956011813.jpg,35.04095458984375,51.98652648925781,4.532721222398048,88.91265350075052,6956011813.jpg,6956011813.jpg,2.74747474747475,0.594934987760785,46.0344036697248
koniq10k_512x384\3794461596.jpg,29.58575439453125,41.353981018066406,3.9962892620486867,89.33786440037558,3794461596.jpg,3794461596.jpg,3.50961538461538,0.607320908240659,71.0441176470588
koniq10k_512x384\8020768393.jpg,19.98260498046875,23.814043045043945,2.837380332190394,89.58741086204753,8020768393.jpg,8020768393.jpg,3.7378640776699,0.504123487994673,72.8191964285714
koniq10k_512x384\10295875445.jpg,11.22552490234375,14.151261329650879,3.125123835367749,89.4938218981096,10295875445.jpg,10295875445.jpg,3.40366972477064,0.610392497512353,62.563025210084
koniq10k_512x384\8710431611.jpg,21.67742919921875,33.094970703125,4.6073532609130705,88.58170414892724,8710431611.jpg,8710431611.jpg,3.65686274509804,0.621322416568889,72.925
koniq10k_512x384\5227846365.jpg,27.85467529296875,24.10818099975586,4.149211468925181,88.74279327417689,5227846365.jpg,5227846365.jpg,2.43809523809524,0.553377905438143,38.5919811320755
koniq10k_512x384\9916890605.jpg,24.62396240234375,31.524822235107422,3.70688210757791,89.38850216200765,9916890605.jpg,9916890605.jpg,3.11111111111111,0.512872838774715,56.1285046728972
koniq10k_512x384\5308397567.jpg,25.47210693359375,51.5697135925293,4.904057607761091,89.02111391439172,5308397567.jpg,5308397567.jpg,3.8019801980198,0.469463565789679,74.0389908256881
koniq10k_512x384\8228733135.jpg,9.28375244140625,14.965067863464355,3.784653994344546,89.25608395867515,8228733135.jpg,8228733135.jpg,3.18269230769231,0.587316144781357,59.9181415929204
koniq10k_512x384\11260270773.jpg,16.20379638671875,37.70233154296875,2.7141007522502836,89.53586240356826,11260270773.jpg,11260270773.jpg,3.67647058823529,0.547935182729598,72.3513513513514
koniq10k_512x384\7892635308.jpg,19.06024169921875,39.424652099609375,3.3428229334463886,89.30388548317364,7892635308.jpg,7892635308.jpg,3.66346153846154,0.51408466914511,70.4551282051282
koniq10k_512x384\5830228003.jpg,4.36712646484375,10.361281394958496,3.4193091341023263,89.29106247710021,5830228003.jpg,5830228003.jpg,3.30392156862745,0.576593198502975,64.5555555555556
koniq10k_512x384\11419816946.jpg,10.37139892578125,35.37528610229492,2.364775843296584,89.32735265761035,11419816946.jpg,11419816946.jpg,3.74380165289256,0.492086131008158,76.14375
koniq10k_512x384\5176288733.jpg,3.57049560546875,25.30061912536621,3.494032149365788,89.31131151384582,5176288733.jpg,5176288733.jpg,3.67,0.551490175924662,73.45
koniq10k_512x384\2753587179.jpg,19.47467041015625,26.361900329589844,3.5589978055588154,89.34148108450259,2753587179.jpg,2753587179.jpg,3.23157894736842,0.591655297484467,61.6850961538462
koniq10k_512x384\11301386435.jpg,-11.36602783203125,22.590606689453125,4.724796927767348,88.9956713094862,11301386435.jpg,11301386435.jpg,3.80909090909091,0.628022300566103,76.1512605042017
koniq10k_512x384\42490373.jpg,5.72149658203125,30.07992172241211,2.7868672697039916,89.45003474347247,42490373.jpg,42490373.jpg,3.31067961165049,0.741343854139519,62.9461206896552
koniq10k_512x384\10819132874.jpg,37.54766845703125,36.33965301513672,3.600575605940451,89.05986584325404,10819132874.jpg,10819132874.jpg,3.66990291262136,0.531153932759187,75.7798165137615
koniq10k_512x384\7470832570.jpg,22.36932373046875,40.452239990234375,3.0676431932394785,89.58723321095725,7470832570.jpg,7470832570.jpg,3.29126213592233,0.587968719342113,63.7
koniq10k_512x384\4243875190.jpg,22.00823974609375,43.563663482666016,4.787023176291131,89.2674197113328,4243875190.jpg,4243875190.jpg,3.63366336633663,0.560763270502406,69.1949541284404
koniq10k_512x384\10693826785.jpg,16.37127685546875,40.80475997924805,2.9254563995105776,88.90001399395697,10693826785.jpg,10693826785.jpg,2.98076923076923,0.590881671836269,53.2757009345794
koniq10k_512x384\4162338388.jpg,24.5443115234375,47.00674057006836,4.813556613789827,89.77691779511004,4162338388.jpg,4162338388.jpg,3.36792452830189,0.652109714667755,66.5373831775701
koniq10k_512x384\8123324192.jpg,0.52313232421875,7.012475490570068,3.7731828919950923,89.27798684168923,8123324192.jpg,8123324192.jpg,3.29126213592233,0.535615240179964,64.1995412844037
koniq10k_512x384\4710464067.jpg,2.25726318359375,14.338512420654297,4.379104905169059,89.43346357237499,4710464067.jpg,4710464067.jpg,3.74257425742574,0.541358759909446,73.3918918918919
koniq10k_512x384\10723077086.jpg,2.85784912109375,25.224811553955078,2.9538443807644135,88.66135144017217,10723077086.jpg,10723077086.jpg,3.55660377358491,0.633661899923134,71.8529411764706
koniq10k_512x384\5565514955.jpg,29.34002685546875,57.86668014526367,5.595571493771084,87.30952148829056,5565514955.jpg,5565514955.jpg,2.8019801980198,0.707386768044159,45.9587155963303
koniq10k_512x384\3452963187.jpg,28.57098388671875,19.604841232299805,8.044042921994345,89.02627087195705,3452963187.jpg,3452963187.jpg,1.99107142857143,0.607691477469391,25.3040540540541
koniq10k_512x384\8507554609.jpg,24.97259521484375,32.249671936035156,4.567876611835879,88.73125575982006,8507554609.jpg,8507554609.jpg,3.23584905660377,0.488961714198037,62.4086956521739
koniq10k_512x384\5384624254.jpg,31.67510986328125,25.876510620117188,5.094434548055395,89.09017265506273,5384624254.jpg,5384624254.jpg,3.46788990825688,0.553922165602138,67.5593220338983
koniq10k_512x384\2688019250.jpg,22.14105224609375,26.532682418823242,3.2665410292021493,89.28432962460928,2688019250.jpg,2688019250.jpg,2.96261682242991,0.474346295857342,52.8571428571429
koniq10k_512x384\4504355317.jpg,25.12860107421875,44.47931671142578,3.2919649387239835,88.73286924041935,4504355317.jpg,4504355317.jpg,3.92156862745098,0.460010213184165,78.5654205607477
koniq10k_512x384\10737029565.jpg,8.77264404296875,26.850486755371094,3.613747156986264,89.23773069747118,10737029565.jpg,10737029565.jpg,3.32380952380952,0.596387169276516,63.0172413793103
koniq10k_512x384\5590179803.jpg,6.73321533203125,23.524011611938477,3.253447623134078,89.30250372952939,5590179803.jpg,5590179803.jpg,3.15841584158416,0.612089425939163,57.475
koniq10k_512x384\51433626.jpg,34.16583251953125,49.039764404296875,6.993516657004823,89.12842304953054,51433626.jpg,51433626.jpg,2.52293577981651,0.727709881589845,40.8181818181818
koniq10k_512x384\8137649050.jpg,31.36224365234375,32.20732116699219,3.5038449240134097,87.83565965151924,8137649050.jpg,8137649050.jpg,3.51818181818182,0.601707328988215,69.1673728813559
koniq10k_512x384\8228841274.jpg,-8.77508544921875,33.87209701538086,9.055505978256964,87.37842454566514,8228841274.jpg,8228841274.jpg,3.28440366972477,0.545889405419606,61.84375
koniq10k_512x384\5856115357.jpg,24.79132080078125,10.585183143615723,3.286776189459346,89.47789133421638,5856115357.jpg,5856115357.jpg,2.92452830188679,0.546819604754398,52.1351351351351
koniq10k_512x384\6224584485.jpg,23.04766845703125,10.795392036437988,4.363298141273545,89.39797573895173,6224584485.jpg,6224584485.jpg,2.3495145631068,0.589262381454646,36.0046728971963
koniq10k_512x384\9419183210.jpg,17.12188720703125,26.911672592163086,4.386076383015829,89.13402129692804,9419183210.jpg,9419183210.jpg,3.65765765765766,0.564003473482139,69.9364406779661
koniq10k_512x384\2231043641.jpg,4.08636474609375,24.296218872070312,3.6391915685420986,89.16627503212236,2231043641.jpg,2231043641.jpg,3.16666666666667,0.489156342484424,57.625
koniq10k_512x384\6343807770.jpg,15.19549560546875,44.96413040161133,3.1634519441071443,89.00172931519678,6343807770.jpg,6343807770.jpg,3.38095238095238,0.610500305250229,66.509900990099
koniq10k_512x384\5437634548.jpg,13.51422119140625,38.827659606933594,2.2909731469230667,89.25740821583366,5437634548.jpg,5437634548.jpg,3.2,0.670820393249937,57.9324324324324
koniq10k_512x384\10264984793.jpg,53.62225341796875,49.104835510253906,4.434369298757555,88.54616374069435,10264984793.jpg,10264984793.jpg,3.4950495049505,0.610307502431973,66.1
koniq10k_512x384\82183009.jpg,24.44427490234375,20.034208297729492,3.6455841211334645,89.37896491669034,82183009.jpg,82183009.jpg,2.34285714285714,0.632889761766969,36.13125
koniq10k_512x384\8617920561.jpg,37.41705322265625,27.754676818847656,4.761466467822132,88.44598689570677,8617920561.jpg,8617920561.jpg,3.24,0.621500302705177,61.2477064220183
koniq10k_512x384\3108798537.jpg,8.46697998046875,12.940957069396973,4.61123848656777,88.93303511053864,3108798537.jpg,3108798537.jpg,3.06930693069307,0.570217953813702,56.3279816513761
koniq10k_512x384\8637618858.jpg,19.76800537109375,43.93125915527344,6.188028101302431,89.33324348239105,8637618858.jpg,8637618858.jpg,3.57575757575758,0.554957418681078,73.2071428571429
koniq10k_512x384\6979435146.jpg,5.67047119140625,43.335506439208984,3.471871718192055,89.48425490632431,6979435146.jpg,6979435146.jpg,3.8921568627451,0.395691217373967,81.1637168141593
koniq10k_512x384\7331542456.jpg,17.80181884765625,24.44792366027832,4.798437246171358,88.88664337397984,7331542456.jpg,7331542456.jpg,3.46534653465347,0.671779077311039,64.5691964285714
koniq10k_512x384\3100238639.jpg,15.43011474609375,23.899850845336914,2.693723582962611,89.34932423833011,3100238639.jpg,3100238639.jpg,3.05882352941176,0.701109861474453,55.537610619469
koniq10k_512x384\5602195949.jpg,4.39862060546875,29.386627197265625,3.573168371387093,88.84339013999808,5602195949.jpg,5602195949.jpg,3.56363636363636,0.550683857210433,71.5833333333333
koniq10k_512x384\7113461019.jpg,16.32794189453125,32.09690856933594,4.220870316507161,89.07670799809001,7113461019.jpg,7113461019.jpg,2.87878787878788,0.552997425974477,51.5076335877863
koniq10k_512x384\5185255513.jpg,42.66448974609375,61.26654815673828,9.554285601368518,87.92921391657896,5185255513.jpg,5185255513.jpg,3.58778625954198,0.538805359570648,72.8125
koniq10k_512x384\8427827661.jpg,26.72711181640625,26.113582611083984,3.1060032527982595,89.39878118776618,8427827661.jpg,8427827661.jpg,3.07547169811321,0.59678684409646,54.4827586206897
koniq10k_512x384\5880272825.jpg,17.96575927734375,37.21249008178711,2.4349281349179055,89.35976429056733,5880272825.jpg,5880272825.jpg,3.64655172413793,0.54779098433503,75.7478448275862
koniq10k_512x384\2928622708.jpg,3.64739990234375,18.57220458984375,4.271059244860637,89.12669912106759,2928622708.jpg,2928622708.jpg,3.08490566037736,0.536619480829526,55.6206896551724
koniq10k_512x384\6957057987.jpg,21.85272216796875,49.95359802246094,5.188920917452905,89.41982825463866,6957057987.jpg,6957057987.jpg,3.23076923076923,0.626761892986781,59.9836448598131
koniq10k_512x384\5670774641.jpg,13.86517333984375,10.79885482788086,2.5210306262074784,89.41739622538904,5670774641.jpg,5670774641.jpg,3.52941176470588,0.520964116757892,66.9243119266055
koniq10k_512x384\272411695.jpg,43.40484619140625,38.09835433959961,6.65003854078751,88.7169790816197,272411695.jpg,272411695.jpg,1.58878504672897,0.531165877300352,15.2627118644068
koniq10k_512x384\3669066809.jpg,20.51129150390625,34.949073791503906,3.4814406559936333,89.25822171348197,3669066809.jpg,3669066809.jpg,2.47747747747748,0.748900367773819,40.031512605042
koniq10k_512x384\8027425918.jpg,26.45989990234375,44.638431549072266,2.8027284579693896,89.21407899235706,8027425918.jpg,8027425918.jpg,3.77227722772277,0.487466678221433,75.1
koniq10k_512x384\10068778516.jpg,21.53778076171875,52.393096923828125,5.036326833906824,88.66934289940951,10068778516.jpg,10068778516.jpg,3.68421052631579,0.55360107476116,71.8782608695652
koniq10k_512x384\8405979865.jpg,16.36627197265625,22.444934844970703,2.376810990661828,89.42670862462211,8405979865.jpg,8405979865.jpg,2.875,0.51741331199832,52.1240157480315
koniq10k_512x384\5977893194.jpg,14.28631591796875,22.84737777709961,3.0782362343207263,89.26145944755422,5977893194.jpg,5977893194.jpg,3.13084112149533,0.659961579063691,59.6907894736842
koniq10k_512x384\2980838635.jpg,23.85052490234375,38.00435256958008,4.7034708386234785,89.43492047906581,2980838635.jpg,2980838635.jpg,3.38181818181818,0.558205154187778,65.3648648648649
koniq10k_512x384\5568534829.jpg,40.00189208984375,34.228031158447266,9.18205748268879,89.19768537186714,5568534829.jpg,5568534829.jpg,3.17525773195876,0.577536241257322,58.3080357142857
koniq10k_512x384\3809644203.jpg,25.06597900390625,42.5505485534668,3.796994780105697,89.53985416175877,3809644203.jpg,3809644203.jpg,3.14814814814815,0.526224691975906,60.8514150943396
koniq10k_512x384\3983499964.jpg,15.62957763671875,26.875436782836914,3.2485687356181456,88.69674203774058,3983499964.jpg,3983499964.jpg,3.37037037037037,0.62040976197892,67.1542056074766
koniq10k_512x384\5347293716.jpg,17.82196044921875,40.222198486328125,3.4818238147098857,88.97775908322727,5347293716.jpg,5347293716.jpg,3.44,0.55632270266002,63.5183486238532
koniq10k_512x384\8398239689.jpg,11.09539794921875,42.39533996582031,3.6473042768423367,88.53999833911195,8398239689.jpg,8398239689.jpg,3.08411214953271,0.600652087901185,56.4137168141593
koniq10k_512x384\8179397976.jpg,4.04071044921875,34.93212890625,4.1741873833902154,88.84128709110288,8179397976.jpg,8179397976.jpg,3.6078431372549,0.529465688920931,71.0093457943925
koniq10k_512x384\215794898.jpg,33.50677490234375,25.707548141479492,6.412955176884199,89.36431061929942,215794898.jpg,215794898.jpg,2.99038461538462,0.630844591938848,52.7878151260504
koniq10k_512x384\2280668053.jpg,91.35540771484375,53.625823974609375,10.372911704390747,84.96567078647561,2280668053.jpg,2280668053.jpg,2.74766355140187,0.615728712988593,48.0907079646018
koniq10k_512x384\5459372516.jpg,12.47381591796875,39.29315948486328,3.869076261622048,88.8767499385745,5459372516.jpg,5459372516.jpg,3.45038167938931,0.571283850476818,68.41796875
koniq10k_512x384\6030228496.jpg,68.31243896484375,32.63481521606445,3.159290332348823,89.03719585008206,6030228496.jpg,6030228496.jpg,3.83177570093458,0.444801870423548,79.7094594594595
koniq10k_512x384\7005727843.jpg,26.22308349609375,38.45656967163086,3.2385237937091085,88.19957915134917,7005727843.jpg,7005727843.jpg,3.55238095238095,0.619878281801423,68.1049107142857
koniq10k_512x384\4867994945.jpg,57.10491943359375,73.43163299560547,6.587155353906692,87.33938999502223,4867994945.jpg,4867994945.jpg,1.77272727272727,0.518627173527317,21.025641025641
koniq10k_512x384\6845434524.jpg,11.38531494140625,37.81401824951172,2.3155192195948873,89.22795529736479,6845434524.jpg,6845434524.jpg,3.58181818181818,0.531258125581778,74.1041666666667
koniq10k_512x384\3711772310.jpg,23.46942138671875,47.94187927246094,4.314803257286507,89.25778675599996,3711772310.jpg,3711772310.jpg,2.45794392523365,0.63365328642089,38.9797297297297
koniq10k_512x384\1807195948.jpg,45.41741943359375,53.04597473144531,5.98377557461588,88.80968580071712,1807195948.jpg,1807195948.jpg,2.23,0.547814758929522,34.0
koniq10k_512x384\5288290650.jpg,-0.64727783203125,30.035266876220703,5.449701130818936,89.3147703396196,5288290650.jpg,5288290650.jpg,3.65346534653465,0.555619358272486,74.0818584070797
koniq10k_512x384\5933359823.jpg,-0.94586181640625,13.066567420959473,3.2766677135209505,89.19665952410655,5933359823.jpg,5933359823.jpg,3.00925925925926,0.538175706470443,53.3947368421053
koniq10k_512x384\5513962677.jpg,24.66033935546875,18.40343475341797,3.631070831782048,89.35672529506792,5513962677.jpg,5513962677.jpg,3.46666666666667,0.605530070819498,67.0
koniq10k_512x384\8523298395.jpg,24.14129638671875,26.350954055786133,3.53841384860776,89.62173371366417,8523298395.jpg,8523298395.jpg,3.37254901960784,0.543577599321548,66.7620192307692
koniq10k_512x384\5690945868.jpg,-1.06402587890625,6.070071220397949,4.994356385601889,88.94353246497009,5690945868.jpg,5690945868.jpg,3.74074074074074,0.518271216306465,74.9630434782609
koniq10k_512x384\3697493807.jpg,12.63006591796875,41.42463684082031,3.185983117451586,89.21983462837396,3697493807.jpg,3697493807.jpg,4.04761904761905,0.446803871551825,82.2909482758621
koniq10k_512x384\3976452832.jpg,19.86297607421875,48.112770080566406,2.8934240423304938,89.2940345054091,3976452832.jpg,3976452832.jpg,3.04545454545455,0.495602008799337,55.2567567567568
koniq10k_512x384\6728176335.jpg,-2.84674072265625,17.720300674438477,3.745221632147967,88.80230821089249,6728176335.jpg,6728176335.jpg,3.45794392523365,0.587292698581456,66.9306722689076
koniq10k_512x384\7641363622.jpg,16.90069580078125,20.78940773010254,2.873207571176405,89.38153237106567,7641363622.jpg,7641363622.jpg,3.34259259259259,0.58264682938731,66.0833333333333
koniq10k_512x384\7533737270.jpg,38.84906005859375,48.958377838134766,3.9701371818187488,88.75471310558481,7533737270.jpg,7533737270.jpg,4.07407407407407,0.575248076573871,81.23125
koniq10k_512x384\4862383971.jpg,18.13470458984375,25.863248825073242,3.152658195821924,89.40521850101815,4862383971.jpg,4862383971.jpg,3.34905660377358,0.535278349133619,65.7547169811321
koniq10k_512x384\5888106239.jpg,29.86248779296875,42.00069046020508,3.8323203874225844,88.42435383872126,5888106239.jpg,5888106239.jpg,3.60377358490566,0.510447894510187,73.3348214285714
koniq10k_512x384\8679754087.jpg,17.35040283203125,26.933300018310547,3.7361484204771576,89.27003342963594,8679754087.jpg,8679754087.jpg,3.09090909090909,0.697905839255595,55.0833333333333
koniq10k_512x384\11436508006.jpg,10.74310302734375,35.00523376464844,2.4848771349637206,89.3639726622993,11436508006.jpg,11436508006.jpg,3.32231404958678,0.550982093372943,65.14375
koniq10k_512x384\9429089796.jpg,9.44720458984375,20.005781173706055,2.618245143677132,89.55858539444725,9429089796.jpg,9429089796.jpg,3.82407407407407,0.608793869688389,73.53125
koniq10k_512x384\5711022887.jpg,22.85955810546875,45.2047233581543,2.570657735904887,89.4257810158297,5711022887.jpg,5711022887.jpg,3.30188679245283,0.519520132443754,63.1260869565217
koniq10k_512x384\7893560424.jpg,-3.71954345703125,19.32737159729004,4.0246680785379985,89.11942920452707,7893560424.jpg,7893560424.jpg,3.16190476190476,0.573850180189942,57.8965517241379
koniq10k_512x384\2415583702.jpg,42.76385498046875,69.95995330810547,5.4150540655897945,87.972469295067,2415583702.jpg,2415583702.jpg,2.11320754716981,0.759959331204871,29.3156779661017
koniq10k_512x384\6127342377.jpg,31.54388427734375,42.74714279174805,4.341282282845499,88.59442784692449,6127342377.jpg,6127342377.jpg,2.34615384615385,0.535519542113137,35.1478260869565
koniq10k_512x384\5803914327.jpg,9.09954833984375,6.980167388916016,4.511527888105757,89.18883350111378,5803914327.jpg,5803914327.jpg,2.61818181818182,0.558205154187778,43.2905405405405
koniq10k_512x384\6748287295.jpg,109.2056884765625,41.94757843017578,5.836787901976001,89.38661135247757,6748287295.jpg,6748287295.jpg,3.36170212765957,0.669634209725081,66.3653846153846
koniq10k_512x384\8714823724.jpg,23.29095458984375,41.753753662109375,2.8051882942081634,89.22213093741283,8714823724.jpg,8714823724.jpg,3.57281553398058,0.570550847480092,71.3108108108108
koniq10k_512x384\10692667386.jpg,17.04193115234375,38.67949676513672,3.9832057570425765,89.39903879532103,10692667386.jpg,10692667386.jpg,3.60194174757282,0.583091924701258,71.9033018867924
koniq10k_512x384\2292384520.jpg,10.21112060546875,32.34498596191406,3.656370417324876,89.16900155690058,2292384520.jpg,2292384520.jpg,3.37254901960784,0.561496737908777,66.9236111111111
koniq10k_512x384\9919248523.jpg,23.55340576171875,24.337942123413086,3.888160069820356,88.95287395141472,9919248523.jpg,9919248523.jpg,3.51485148514851,0.576434929304924,68.35
koniq10k_512x384\5275524338.jpg,7.19976806640625,24.219995498657227,3.8370967645369576,88.81007957577643,5275524338.jpg,5275524338.jpg,3.65714285714286,0.568881686843911,74.8680555555556
koniq10k_512x384\9544478990.jpg,16.43499755859375,35.7350959777832,3.046640028942466,89.19417824299902,9544478990.jpg,9544478990.jpg,3.83168316831683,0.566909286053652,77.8326086956522
koniq10k_512x384\7445548804.jpg,19.00384521484375,31.263927459716797,3.797679339184168,89.03961405407313,7445548804.jpg,7445548804.jpg,2.96116504854369,0.522481449095346,54.9655963302752
koniq10k_512x384\6075825527.jpg,8.66766357421875,23.510229110717773,5.611632391998224,89.48832067813834,6075825527.jpg,6075825527.jpg,3.19230769230769,0.624374219953223,62.3088235294118
koniq10k_512x384\4252888669.jpg,36.63812255859375,36.76422119140625,3.2986818283375356,89.36690397688369,4252888669.jpg,4252888669.jpg,3.68,0.548275533473873,74.8715596330275
koniq10k_512x384\5768167934.jpg,48.56610107421875,44.797386169433594,5.51966298174692,88.09364632421943,5768167934.jpg,5768167934.jpg,4.12389380530973,0.628671265488227,83.6410256410256
koniq10k_512x384\8406491085.jpg,13.61199951171875,35.290000915527344,3.0638716163105935,89.38016072436872,8406491085.jpg,8406491085.jpg,3.64150943396226,0.481835364992828,72.625
koniq10k_512x384\8451928629.jpg,21.95599365234375,45.3059196472168,2.427048718054828,89.32054045327365,8451928629.jpg,8451928629.jpg,3.85454545454545,0.445906223661714,73.7941176470588
koniq10k_512x384\9683345746.jpg,23.00872802734375,45.09285354614258,4.438308300573297,89.70801267936278,9683345746.jpg,9683345746.jpg,3.21153846153846,0.633576332717798,59.5460526315789
koniq10k_512x384\5444850191.jpg,4.95526123046875,9.21678352355957,4.651566454708011,88.85356826269225,5444850191.jpg,5444850191.jpg,3.42857142857143,0.586009038673119,67.2334905660377
koniq10k_512x384\10027582235.jpg,8.27276611328125,22.75336456298828,2.5886206646672467,89.44208639922039,10027582235.jpg,10027582235.jpg,3.82242990654206,0.491687201381957,77.1377118644068
koniq10k_512x384\6001444866.jpg,8.65167236328125,10.249090194702148,3.6704570682392728,89.22258933149362,6001444866.jpg,6001444866.jpg,2.09090909090909,0.516613079807823,29.1470588235294
koniq10k_512x384\430051470.jpg,24.09649658203125,47.53733444213867,3.72990155425576,89.2453497863027,430051470.jpg,430051470.jpg,3.17730496453901,0.538300074882063,62.2857142857143
koniq10k_512x384\5593028853.jpg,34.40081787109375,45.65937423706055,5.7189530570415785,88.74504623277636,5593028853.jpg,5593028853.jpg,3.25242718446602,0.621800778289325,61.8341121495327
koniq10k_512x384\398551269.jpg,46.61663818359375,33.22454833984375,7.381633526587854,89.6243094790657,398551269.jpg,398551269.jpg,2.75700934579439,0.670695520369644,48.7905405405405
koniq10k_512x384\9941134286.jpg,11.42120361328125,23.252046585083008,2.1027404567488546,89.46665910567712,9941134286.jpg,9941134286.jpg,3.46296296296296,0.554099858167321,65.9048672566372
koniq10k_512x384\6326886913.jpg,25.54302978515625,25.519916534423828,5.91284101474213,89.07069009841928,6326886913.jpg,6326886913.jpg,2.50943396226415,0.502285879874493,41.0614406779661
koniq10k_512x384\5958950790.jpg,9.73431396484375,9.6829195022583,3.772243472847046,89.31731286903366,5958950790.jpg,5958950790.jpg,2.25,0.582052443280648,33.3067226890756
koniq10k_512x384\5585956743.jpg,11.20452880859375,30.553722381591797,3.3155001627006726,89.29969825534064,5585956743.jpg,5585956743.jpg,3.34,0.589812502307969,62.4930555555556
koniq10k_512x384\561215186.jpg,10.86773681640625,14.92308521270752,3.6584091816379782,89.3401284675855,561215186.jpg,561215186.jpg,3.36448598130841,0.502681927350329,63.4955752212389
koniq10k_512x384\6845848072.jpg,6.24383544921875,28.754817962646484,2.7880597955590214,89.44687464030045,6845848072.jpg,6845848072.jpg,3.74774774774775,0.547198957808492,77.3125
koniq10k_512x384\8985551582.jpg,51.40325927734375,62.11799240112305,7.230498411149259,88.36039059718087,8985551582.jpg,8985551582.jpg,2.52252252252252,0.724215523506728,42.9673913043478
koniq10k_512x384\2713735764.jpg,-9.18121337890625,23.346172332763672,3.513354845555087,89.38132017049105,2713735764.jpg,2713735764.jpg,2.85611510791367,0.532442431795113,51.568345323741
koniq10k_512x384\3084860790.jpg,50.06048583984375,38.22190856933594,6.7899415686674445,88.13225581623034,3084860790.jpg,3084860790.jpg,1.47572815533981,0.607867700295262,12.1850961538462
koniq10k_512x384\8338842182.jpg,11.69232177734375,17.531452178955078,2.965897366893883,89.5134744003354,8338842182.jpg,8338842182.jpg,3.41284403669725,0.547908636177939,67.2920353982301
koniq10k_512x384\8417199212.jpg,39.15692138671875,50.30210494995117,4.684937682745869,88.72210383942704,8417199212.jpg,8417199212.jpg,3.43809523809524,0.587101903155359,64.2008928571429
koniq10k_512x384\4360193081.jpg,18.04376220703125,33.14284133911133,2.5425805347463046,89.42991051296292,4360193081.jpg,4360193081.jpg,3.58823529411765,0.53311973979568,72.8235294117647
koniq10k_512x384\5498204974.jpg,36.85711669921875,44.465057373046875,5.196918472653703,88.86166836106972,5498204974.jpg,5498204974.jpg,2.23762376237624,0.602470162771322,33.688679245283
koniq10k_512x384\6073381897.jpg,16.99871826171875,35.685707092285156,2.5473310489793857,89.19235874362192,6073381897.jpg,6073381897.jpg,3.66363636363636,0.511828395971184,73.1346153846154
koniq10k_512x384\3922421993.jpg,22.94061279296875,33.7867546081543,6.3312866374083265,88.92973033888624,3922421993.jpg,3922421993.jpg,3.60194174757282,0.583091924701258,72.0416666666667
koniq10k_512x384\10226277514.jpg,14.78997802734375,5.216343879699707,5.763170796677047,89.13498319385674,10226277514.jpg,10226277514.jpg,2.59433962264151,0.613782990761741,43.2162162162162
koniq10k_512x384\2448776548.jpg,35.99261474609375,40.370689392089844,7.175227427278869,89.27782536467421,2448776548.jpg,2448776548.jpg,3.15454545454545,0.652255981105123,56.75625
koniq10k_512x384\4302524395.jpg,29.99835205078125,23.919851303100586,5.738505904264308,89.0796549895231,4302524395.jpg,4302524395.jpg,2.54285714285714,0.554529142041311,42.530612244898
koniq10k_512x384\6469192803.jpg,47.39447021484375,48.878639221191406,5.379588626570796,88.9270043479017,6469192803.jpg,6469192803.jpg,2.19444444444444,0.554646192409084,32.0848214285714
koniq10k_512x384\8253280616.jpg,16.66156005859375,48.45354080200195,4.350430743372419,89.40324628633432,8253280616.jpg,8253280616.jpg,3.19191919191919,0.54728956773763,61.7570093457944
koniq10k_512x384\496162577.jpg,13.01580810546875,34.311038970947266,4.4161572534794455,89.0333154337716,496162577.jpg,496162577.jpg,2.67272727272727,0.651168193848999,45.3163716814159
koniq10k_512x384\5142391146.jpg,36.71783447265625,55.530601501464844,5.0346826185120355,89.38236958966404,5142391146.jpg,5142391146.jpg,2.80555555555556,0.53753214784685,48.4894957983193
koniq10k_512x384\5588234773.jpg,9.51678466796875,5.691073417663574,5.2310874044407045,89.07358640597569,5588234773.jpg,5588234773.jpg,2.0,0.665062171761176,25.3644859813084
koniq10k_512x384\6793966090.jpg,56.40753173828125,47.88908386230469,4.554103610205537,86.55056662295358,6793966090.jpg,6793966090.jpg,3.42727272727273,0.612695816428967,63.15
koniq10k_512x384\9258059092.jpg,34.77972412109375,37.17620849609375,5.205443564448997,89.4772876118015,9258059092.jpg,9258059092.jpg,3.51612903225806,0.687124997699358,71.046178343949
koniq10k_512x384\4689159899.jpg,33.94512939453125,33.43244171142578,5.786328977593509,89.12759357390424,4689159899.jpg,4689159899.jpg,2.00952380952381,0.449256610225717,27.2697368421053
koniq10k_512x384\8259404043.jpg,21.85479736328125,41.472835540771484,2.243575610024408,89.6282270353104,8259404043.jpg,8259404043.jpg,3.71287128712871,0.476164544319846,74.65
koniq10k_512x384\4187182991.jpg,14.95294189453125,35.252647399902344,3.622109075423039,89.48221843261206,4187182991.jpg,4187182991.jpg,2.79646017699115,0.584918981498998,46.9343220338983
koniq10k_512x384\5403603296.jpg,16.01629638671875,44.30409240722656,3.832100824862809,89.32036465409642,5403603296.jpg,5403603296.jpg,3.71717171717172,0.589714632481972,74.4174311926605
koniq10k_512x384\4548596684.jpg,9.51727294921875,44.539947509765625,4.299787777497458,89.32649979952014,4548596684.jpg,4548596684.jpg,3.05714285714286,0.632889761766969,57.070796460177
koniq10k_512x384\4689181626.jpg,8.55364990234375,20.082944869995117,3.6262113892944763,89.23644874975287,4689181626.jpg,4689181626.jpg,2.81632653061224,0.615050727528389,49.7791262135922
koniq10k_512x384\5673447503.jpg,12.88079833984375,29.679664611816406,4.086520885926437,89.31488626285991,5673447503.jpg,5673447503.jpg,3.22,0.504124403437697,59.8853211009174
koniq10k_512x384\8347284037.jpg,28.21539306640625,43.4252815246582,3.1546169353745706,88.53599900587102,8347284037.jpg,8347284037.jpg,3.20353982300885,0.569449797664976,57.9809322033898
koniq10k_512x384\11522984926.jpg,38.82635498046875,59.664405822753906,6.18457369348553,88.34506528562571,11522984926.jpg,11522984926.jpg,2.58992805755396,0.549214849861617,44.3826530612245
koniq10k_512x384\8860399629.jpg,42.27435302734375,31.26112174987793,5.697992097315013,88.63604237893828,8860399629.jpg,8860399629.jpg,2.55084745762712,0.593374496225831,42.6730769230769
koniq10k_512x384\6050570749.jpg,23.11639404296875,32.113014221191406,4.214180546267731,88.60402206201083,6050570749.jpg,6050570749.jpg,2.65040650406504,0.600324227115871,45.5909090909091
koniq10k_512x384\5174677992.jpg,28.02471923828125,40.71601104736328,4.312764584498692,88.65884692443419,5174677992.jpg,5174677992.jpg,2.81308411214953,0.568527411288765,47.845652173913
koniq10k_512x384\6306859998.jpg,13.69451904296875,35.11970138549805,2.9601948582513473,89.28165255295494,6306859998.jpg,6306859998.jpg,3.76363636363636,0.523349703761283,72.3625
koniq10k_512x384\9433458685.jpg,82.38848876953125,61.94270324707031,8.601582012135927,86.0113086144291,9433458685.jpg,9433458685.jpg,3.63551401869159,0.731920752547138,70.2584033613445
koniq10k_512x384\3482375790.jpg,9.80609130859375,20.95443344116211,2.263485844433344,89.63735691992304,3482375790.jpg,3482375790.jpg,3.30693069306931,0.524262801606708,62.05
koniq10k_512x384\4940996206.jpg,17.89862060546875,39.666202545166016,2.4565751736752177,89.510781349813,4940996206.jpg,4940996206.jpg,3.49056603773585,0.502285879874493,69.0067567567568
koniq10k_512x384\5794758875.jpg,14.89471435546875,35.83006286621094,4.072955800783518,89.33607534734449,5794758875.jpg,5794758875.jpg,3.0,0.658019521535379,49.5508849557522
koniq10k_512x384\9353536560.jpg,18.92840576171875,28.540729522705078,2.7503502880202015,89.51042523239236,9353536560.jpg,9353536560.jpg,3.10483870967742,0.609125034050699,59.5614754098361
koniq10k_512x384\6652263581.jpg,16.57171630859375,47.01630783081055,3.487508416381126,89.48213982113029,6652263581.jpg,6652263581.jpg,2.86111111111111,0.60308139177812,49.5987394957983
koniq10k_512x384\6703759327.jpg,3.37164306640625,13.515692710876465,5.425958071623345,88.8742051217409,6703759327.jpg,6703759327.jpg,3.39805825242718,0.615801817897875,66.7642857142857
koniq10k_512x384\5824082232.jpg,33.87115478515625,40.709598541259766,4.197141407545978,89.18738971858792,5824082232.jpg,5824082232.jpg,2.74285714285714,0.627561554450933,48.025
koniq10k_512x384\3847022878.jpg,32.32720947265625,41.69834518432617,7.362729450989525,89.03646144073993,3847022878.jpg,3847022878.jpg,3.42574257425743,0.535659120214812,66.475
koniq10k_512x384\9505522131.jpg,20.92083740234375,45.311622619628906,6.339612199896792,89.40532203522349,9505522131.jpg,9505522131.jpg,3.4375,0.744726202786714,66.5769230769231
koniq10k_512x384\7914714726.jpg,6.37139892578125,20.22455406188965,2.7661798791784253,89.55737966878023,7914714726.jpg,7914714726.jpg,3.91089108910891,0.491914828013755,76.9717391304348
koniq10k_512x384\8492640738.jpg,13.25946044921875,34.119693756103516,3.8778976348109886,89.19675735568474,8492640738.jpg,8492640738.jpg,3.0,0.601416767025641,53.8970588235294
koniq10k_512x384\6630214003.jpg,10.61297607421875,22.167829513549805,4.0370983743380195,89.67249278346307,6630214003.jpg,6630214003.jpg,3.76699029126214,0.580802073794872,72.7972972972973
koniq10k_512x384\9401118786.jpg,67.94891357421875,79.50598907470703,13.580311958364845,86.66564454241994,9401118786.jpg,9401118786.jpg,2.99082568807339,0.659621283656411,52.5986842105263
koniq10k_512x384\7861079240.jpg,21.27874755859375,16.596393585205078,4.560915495861617,89.38195345251361,7861079240.jpg,7861079240.jpg,3.67889908256881,0.542298502346539,70.5656779661017
koniq10k_512x384\7089392359.jpg,35.31744384765625,43.55210876464844,4.038316149987403,89.43757174920722,7089392359.jpg,7089392359.jpg,3.71428571428571,0.531946456861058,71.8310810810811
koniq10k_512x384\4018879156.jpg,6.49407958984375,28.44496726989746,3.3153151697741823,89.1786364762744,4018879156.jpg,4018879156.jpg,2.41346153846154,0.662601183671924,38.2867647058824
koniq10k_512x384\10213881683.jpg,37.04876708984375,35.610172271728516,5.375646422654062,89.1054585001738,10213881683.jpg,10213881683.jpg,2.375,0.582936372869986,37.1232142857143
koniq10k_512x384\7051563883.jpg,18.47418212890625,35.4835205078125,2.902246934819735,89.49669998895678,7051563883.jpg,7051563883.jpg,3.14953271028037,0.611273621185864,57.8891304347826
koniq10k_512x384\1296759644.jpg,4.87152099609375,5.448141574859619,4.905610913903057,89.17288699863803,1296759644.jpg,1296759644.jpg,2.24,0.534090371802868,32.1320754716981
koniq10k_512x384\414892775.jpg,17.28240966796875,40.24681091308594,2.3898881338493645,89.27535356053784,414892775.jpg,414892775.jpg,3.28181818181818,0.544055754391562,61.1071428571429
koniq10k_512x384\1240561841.jpg,10.27996826171875,30.73507308959961,2.4959619989295585,89.30867267725361,1240561841.jpg,1240561841.jpg,3.83333333333333,0.502331014967353,74.5508474576271
koniq10k_512x384\7196174704.jpg,8.78643798828125,8.269713401794434,4.374764587427719,89.15429661502334,7196174704.jpg,7196174704.jpg,2.99009900990099,0.556687515666563,56.1322115384615
koniq10k_512x384\5592040758.jpg,1.04315185546875,39.675132751464844,4.128573443517864,89.13014826004024,5592040758.jpg,5592040758.jpg,3.58407079646018,0.578261923427409,69.1673728813559
koniq10k_512x384\8321981131.jpg,5.08331298828125,18.1909122467041,2.0175532271739156,88.87504010748181,8321981131.jpg,8321981131.jpg,3.20192307692308,0.702005555427188,59.6261061946903
koniq10k_512x384\7841962592.jpg,32.02362060546875,31.191930770874023,2.8668402845513588,89.61162255482671,7841962592.jpg,7841962592.jpg,3.54368932038835,0.590392010499209,69.0442477876106
koniq10k_512x384\9049275396.jpg,17.74554443359375,23.0451602935791,2.742388576342216,89.51265590974894,9049275396.jpg,9049275396.jpg,3.55882352941176,0.589907349861894,68.8
koniq10k_512x384\4157689684.jpg,31.33685302734375,45.830875396728516,4.2498027879008875,89.34355665123842,4157689684.jpg,4157689684.jpg,2.73394495412844,0.689097663277484,47.141592920354
koniq10k_512x384\3106852276.jpg,1.37518310546875,23.921382904052734,2.7216933692206142,89.1121659606194,3106852276.jpg,3106852276.jpg,3.63207547169811,0.622215269716858,72.4481132075472
koniq10k_512x384\8020716606.jpg,-1.06964111328125,26.4742374420166,2.712945841989925,88.96231711120787,8020716606.jpg,8020716606.jpg,3.67272727272727,0.526527326788343,73.275641025641
koniq10k_512x384\5960283649.jpg,14.40399169921875,14.158611297607422,2.3522599608712773,89.49956202756807,5960283649.jpg,5960283649.jpg,2.63063063063063,0.601935181166513,43.7625
koniq10k_512x384\9680493700.jpg,34.18536376953125,38.30628204345703,4.915509176194384,89.35891682627158,9680493700.jpg,9680493700.jpg,1.87037037037037,0.548448833735682,22.0995575221239
koniq10k_512x384\5828251146.jpg,62.09442138671875,37.94099807739258,9.892179538779741,85.66141894024928,5828251146.jpg,5828251146.jpg,3.08333333333333,0.643455583330581,56.1322115384615
koniq10k_512x384\4952399474.jpg,10.13958740234375,39.13674545288086,3.0455495143462548,89.42243489957674,4952399474.jpg,4952399474.jpg,3.11711711711712,0.551670829698929,59.8260869565217
koniq10k_512x384\4107362083.jpg,13.03753662109375,27.33225440979004,2.970268453261947,88.92012122129245,4107362083.jpg,4107362083.jpg,3.98076923076923,0.607090294635138,80.75
koniq10k_512x384\9036022986.jpg,13.75750732421875,40.799583435058594,2.4452501761569287,89.27517615551749,9036022986.jpg,9036022986.jpg,3.43269230769231,0.57054603512134,68.4558823529412
koniq10k_512x384\8393175128.jpg,16.98797607421875,30.57322120666504,4.578638798246577,88.98372587125226,8393175128.jpg,8393175128.jpg,3.55238095238095,0.554369919210997,68.9324324324324
koniq10k_512x384\5681785926.jpg,14.24322509765625,33.932579040527344,5.987805172630018,88.95299409974017,5681785926.jpg,5681785926.jpg,3.32323232323232,0.586032715327688,61.9883177570093
koniq10k_512x384\5683735781.jpg,47.80340576171875,61.001895904541016,4.712352458049957,89.42333869641439,5683735781.jpg,5683735781.jpg,3.16981132075472,0.525025135238804,60.9872881355932
koniq10k_512x384\4130373740.jpg,57.22039794921875,45.062103271484375,10.201345034438695,88.72498990200617,4130373740.jpg,4130373740.jpg,3.04672897196262,0.538747281569002,55.9742990654206
koniq10k_512x384\2951329736.jpg,6.93951416015625,22.45581817626953,3.3120857067338627,89.30301506687208,2951329736.jpg,2951329736.jpg,3.77777777777778,0.569199032800311,74.0818584070797
koniq10k_512x384\7520058110.jpg,12.73931884765625,31.828567504882812,3.820676399131113,89.19155190629698,7520058110.jpg,7520058110.jpg,3.39393939393939,0.54991987947377,64.9564220183486
koniq10k_512x384\8710250301.jpg,27.99993896484375,45.081172943115234,4.659045057941548,88.8253114257503,8710250301.jpg,8710250301.jpg,3.49677419354839,0.562625957596049,70.1003184713376
koniq10k_512x384\1565882132.jpg,33.61700439453125,24.794496536254883,5.412519900613455,89.37023532480102,1565882132.jpg,1565882132.jpg,2.62135922330097,0.562147577692258,43.5878378378378
koniq10k_512x384\9365989820.jpg,29.02142333984375,25.52182960510254,9.524378951303172,89.15667036651207,9365989820.jpg,9365989820.jpg,3.00980392156863,0.637058494589801,55.247641509434
koniq10k_512x384\7640299878.jpg,10.34954833984375,28.719005584716797,3.346062668679698,89.16485977765096,7640299878.jpg,7640299878.jpg,3.63207547169811,0.557639099847156,68.5608108108108
koniq10k_512x384\10265809113.jpg,24.24896240234375,51.37406539916992,3.3424183731028543,89.52654111394125,10265809113.jpg,10265809113.jpg,3.66990291262136,0.512363793752346,73.7767857142857
koniq10k_512x384\7222733996.jpg,7.54364013671875,33.204227447509766,2.971691478382239,89.22255075135722,7222733996.jpg,7222733996.jpg,3.79,0.477683805651624,76.9
koniq10k_512x384\5999140032.jpg,13.31903076171875,18.74257469177246,4.161880521338856,89.26747286700314,5999140032.jpg,5999140032.jpg,2.67647058823529,0.759908341344662,43.7920560747664
koniq10k_512x384\2431828879.jpg,9.88092041015625,28.130260467529297,2.786647788869279,89.2647311450241,2431828879.jpg,2431828879.jpg,3.04672897196262,0.678277195660231,54.4516806722689
koniq10k_512x384\4529654985.jpg,27.77215576171875,33.8848876953125,3.9746594511567928,89.12257090060095,4529654985.jpg,4529654985.jpg,2.16666666666667,0.483368244522832,32.1822033898305
koniq10k_512x384\457397602.jpg,11.28216552734375,33.02886962890625,2.9848033304303154,88.80489390303174,457397602.jpg,457397602.jpg,2.70909090909091,0.595787268010937,47.3606194690265
koniq10k_512x384\5926348208.jpg,16.04217529296875,39.18999481201172,7.874140945270484,88.52147175038786,5926348208.jpg,5926348208.jpg,3.21359223300971,0.651551473248295,59.1183035714286
koniq10k_512x384\6343064519.jpg,49.20794677734375,34.27342224121094,5.5923051907858214,88.72175414207119,6343064519.jpg,6343064519.jpg,3.87128712871287,0.522749774493183,77.6180555555556
koniq10k_512x384\8387487827.jpg,20.17303466796875,40.81970977783203,3.599835677999903,89.56036882078708,8387487827.jpg,8387487827.jpg,3.39473684210526,0.589261140070359,65.0588235294118
koniq10k_512x384\7555880012.jpg,60.92303466796875,71.28955841064453,4.970564298751446,88.67844526216005,7555880012.jpg,7555880012.jpg,2.75454545454545,0.527872024321917,47.5796460176991
koniq10k_512x384\7668828488.jpg,16.99114990234375,26.84370231628418,3.7944673336727512,89.28076407683704,7668828488.jpg,7668828488.jpg,3.59615384615385,0.548948346186761,70.675
koniq10k_512x384\5129172.jpg,33.94647216796875,54.350833892822266,5.9430225796594565,88.82605822363828,5129172.jpg,5129172.jpg,1.65420560747664,0.568061977390618,18.5399159663866
koniq10k_512x384\3093435000.jpg,1.06243896484375,28.818675994873047,2.9464161090868,89.28547614652179,3093435000.jpg,3093435000.jpg,3.76851851851852,0.485422669308056,73.4474789915966
koniq10k_512x384\136287514.jpg,22.33074951171875,35.76133346557617,2.355667015592536,89.3539221661096,136287514.jpg,136287514.jpg,1.86538461538462,0.608319223614763,22.79375
koniq10k_512x384\3840546727.jpg,47.44598388671875,58.322120666503906,10.486614794172704,89.03093610755528,3840546727.jpg,3840546727.jpg,2.95575221238938,0.557247388812915,52.8571428571429
koniq10k_512x384\3577744786.jpg,22.30682373046875,34.002349853515625,5.697313873399476,89.23004473328625,3577744786.jpg,3577744786.jpg,2.0,0.560112033611204,27.0526315789474
koniq10k_512x384\6337822588.jpg,40.54840087890625,25.577226638793945,8.868847650307181,89.09022874790004,6337822588.jpg,6337822588.jpg,2.7536231884058,0.5642848869312,47.9105839416058
koniq10k_512x384\4685744038.jpg,32.45660400390625,43.60417175292969,4.3122245106010215,88.36525973084728,4685744038.jpg,4685744038.jpg,3.81,0.614554121031474,75.3199152542373
koniq10k_512x384\5158869275.jpg,34.02191162109375,51.65877914428711,4.076890657710503,89.27317462731705,5158869275.jpg,5158869275.jpg,2.81578947368421,0.507180919580455,50.9729299363057
koniq10k_512x384\8242811234.jpg,38.29364013671875,33.41608810424805,5.482413752694108,88.59333514363814,8242811234.jpg,8242811234.jpg,3.38,0.546430104025994,66.394495412844
koniq10k_512x384\4178406108.jpg,56.61590576171875,28.980329513549805,5.537054067046756,86.36109729111543,4178406108.jpg,4178406108.jpg,2.20560747663551,0.450121949031789,32.2125
koniq10k_512x384\6366586615.jpg,14.40179443359375,18.032865524291992,5.090816584424908,89.1758449345544,6366586615.jpg,6366586615.jpg,2.4622641509434,0.635078222431983,38.6939655172414
koniq10k_512x384\3052939128.jpg,42.91668701171875,33.138580322265625,5.3033806246341335,86.48429287254888,3052939128.jpg,3052939128.jpg,3.72115384615385,0.598651085134435,73.1875
koniq10k_512x384\9733980007.jpg,53.14996337890625,47.356414794921875,7.335120685030936,87.42039285431741,9733980007.jpg,9733980007.jpg,2.69902912621359,0.557215617370319,43.6495535714286
koniq10k_512x384\7744113492.jpg,6.91033935546875,18.511735916137695,2.3435897813685926,89.37039256581318,7744113492.jpg,7744113492.jpg,2.92380952380952,0.599603043290984,52.1205357142857
koniq10k_512x384\5511925995.jpg,0.48040771484375,21.444984436035156,2.878563916398543,89.24585987553552,5511925995.jpg,5511925995.jpg,3.79816513761468,0.573808209566535,73.1525423728814
koniq10k_512x384\468764619.jpg,9.611328125,48.92190170288086,7.743661658711719,89.46567920677914,468764619.jpg,468764619.jpg,3.1980198019802,0.648379549032787,58.6065217391304
koniq10k_512x384\6711319143.jpg,38.07415771484375,41.73241424560547,3.385955136569476,87.03540256300181,6711319143.jpg,6711319143.jpg,3.86915887850467,0.714857317199347,74.5625
koniq10k_512x384\9324654543.jpg,-6.78179931640625,30.64695930480957,3.458733647436987,89.24587935729419,9324654543.jpg,9324654543.jpg,3.15873015873016,0.542773594239048,61.456
koniq10k_512x384\6930075142.jpg,19.57342529296875,24.0303955078125,5.805441940325369,89.41185180708159,6930075142.jpg,6930075142.jpg,2.81904761904762,0.632165879839856,51.2208737864078
koniq10k_512x384\3120415423.jpg,-4.12469482421875,10.247658729553223,4.089923611070427,89.18910809461926,3120415423.jpg,3120415423.jpg,3.19512195121951,0.53803736516851,60.4545454545455
koniq10k_512x384\7946380974.jpg,6.91253662109375,12.543754577636719,5.065671133407082,89.34226520103316,7946380974.jpg,7946380974.jpg,3.4392523364486,0.552482734186941,67.9930555555556
koniq10k_512x384\34713269.jpg,10.80096435546875,11.023186683654785,2.8597176682534937,89.49718755978436,34713269.jpg,34713269.jpg,2.26470588235294,0.716516194647949,34.0
koniq10k_512x384\1289162225.jpg,7.66107177734375,24.304136276245117,3.8499297294356105,88.74680585574072,1289162225.jpg,1289162225.jpg,3.28318584070796,0.525578364224196,62.1470588235294
koniq10k_512x384\5891437045.jpg,8.54998779296875,35.621734619140625,3.7562134214287792,88.5240784876499,5891437045.jpg,5891437045.jpg,3.24761904761905,0.533150151691889,61.8055555555556
koniq10k_512x384\7613152858.jpg,22.93719482421875,36.458553314208984,7.603059149967268,89.02804837206713,7613152858.jpg,7613152858.jpg,3.79439252336449,0.509130182355242,73.9241071428571
koniq10k_512x384\3609983548.jpg,14.24749755859375,30.621572494506836,3.468017128984047,88.45796153999757,3609983548.jpg,3609983548.jpg,3.28301886792453,0.564922531244132,62.6148648648649
koniq10k_512x384\2656455723.jpg,10.24896240234375,6.559626579284668,4.863109343127201,88.88448990924616,2656455723.jpg,2656455723.jpg,2.76991150442478,0.612501451274113,48.0818965517241
koniq10k_512x384\1494601659.jpg,22.91693115234375,23.718496322631836,5.0931857745121,89.05885348943366,1494601659.jpg,1494601659.jpg,2.20588235294118,0.634615893715864,31.0481651376147
koniq10k_512x384\8620919369.jpg,47.21038818359375,52.8489875793457,7.296206916865758,89.0591104367032,8620919369.jpg,8620919369.jpg,2.55,0.540782805907758,42.0732142857143
koniq10k_512x384\9249869281.jpg,65.40997314453125,74.05154418945312,8.360425387422255,87.83999102467095,9249869281.jpg,9249869281.jpg,1.81188118811881,0.560586679954647,19.5817757009346
koniq10k_512x384\8356375190.jpg,14.06451416015625,43.71276092529297,3.273460522476329,88.98302502998726,8356375190.jpg,8356375190.jpg,3.76612903225806,0.495653809288772,78.6311475409836
koniq10k_512x384\7780172596.jpg,30.79730224609375,41.007076263427734,4.9053922363004165,89.23791065990697,7780172596.jpg,7780172596.jpg,3.63917525773196,0.580688653854005,73.8082524271845
koniq10k_512x384\8325420861.jpg,23.35382080078125,39.73551559448242,4.121228382232193,89.07146944930628,8325420861.jpg,8325420861.jpg,3.43518518518519,0.551516992869059,68.5894495412844
koniq10k_512x384\7705365342.jpg,10.71527099609375,28.499740600585938,2.1074171394935024,89.60118262810084,7705365342.jpg,7705365342.jpg,3.23232323232323,0.603193589736869,61.6527777777778
koniq10k_512x384\4819847439.jpg,62.01739501953125,48.32859420776367,8.335360092385423,87.35199114763283,4819847439.jpg,4819847439.jpg,2.08411214953271,0.702038747077514,28.5743243243243
koniq10k_512x384\3962244093.jpg,14.95977783203125,20.84925079345703,4.1293214086896075,87.59465249997895,3962244093.jpg,3962244093.jpg,3.48484848484848,0.559949639930132,67.0771028037383
koniq10k_512x384\9538674147.jpg,7.29217529296875,25.294790267944336,2.8994337293788783,89.33399492848828,9538674147.jpg,9538674147.jpg,2.72,0.55194788218315,45.6559633027523
koniq10k_512x384\6158806771.jpg,26.49310302734375,17.20972442626953,5.473616753650865,88.97103308750874,6158806771.jpg,6158806771.jpg,1.62264150943396,0.639238090954555,16.8008474576271
koniq10k_512x384\629401204.jpg,31.22137451171875,7.575447082519531,5.382899470155923,89.29391286087105,629401204.jpg,629401204.jpg,2.60747663551402,0.625812820074585,43.7058823529412
koniq10k_512x384\2376113642.jpg,45.43438720703125,62.46513748168945,9.685260945621033,89.16095939361465,2376113642.jpg,2376113642.jpg,2.24761904761905,0.514799295860353,31.6959459459459
koniq10k_512x384\8353492181.jpg,22.14764404296875,23.157730102539062,5.119402149315299,88.98101886130519,8353492181.jpg,8353492181.jpg,2.11926605504587,0.52218860368506,29.9449152542373
koniq10k_512x384\7297259404.jpg,46.73406982421875,41.246952056884766,5.573621010860622,86.5634244414654,7297259404.jpg,7297259404.jpg,3.34862385321101,0.599013800449923,64.1756756756757
koniq10k_512x384\304760277.jpg,29.17242431640625,48.51664733886719,3.027001282994086,89.22777070989378,304760277.jpg,304760277.jpg,3.66,0.535978289926679,74.2660550458716
koniq10k_512x384\10856757.jpg,29.19488525390625,43.6275634765625,4.752964236279261,89.06565494486472,10856757.jpg,10856757.jpg,2.19266055045872,0.751258995388106,32.2954545454545
koniq10k_512x384\5651460875.jpg,14.11639404296875,44.98066711425781,5.04129030946967,88.69306712315361,5651460875.jpg,5651460875.jpg,3.58490566037736,0.513956168750047,69.6517857142857
koniq10k_512x384\4127400247.jpg,62.88372802734375,56.23312759399414,6.943412739988037,88.67457894800263,4127400247.jpg,4127400247.jpg,2.72463768115942,0.523437765206351,47.0721830985916
koniq10k_512x384\2138715193.jpg,9.61639404296875,17.781099319458008,4.924659722215753,89.13971464149698,2138715193.jpg,2138715193.jpg,2.97196261682243,0.590138198161191,53.425
koniq10k_512x384\4244935320.jpg,57.61419677734375,49.768917083740234,5.664474207662606,89.70773091816866,4244935320.jpg,4244935320.jpg,3.41121495327103,0.64359355256743,64.1575630252101
koniq10k_512x384\10258169584.jpg,10.95892333984375,18.217641830444336,3.2770971069668233,89.43442500234181,10258169584.jpg,10258169584.jpg,3.14285714285714,0.562080124122946,57.2302631578947
koniq10k_512x384\3378003631.jpg,-15.56182861328125,27.36444854736328,3.699574477351956,89.22029147891433,3378003631.jpg,3378003631.jpg,3.29896907216495,0.523707704211206,63.1129807692308
koniq10k_512x384\1392405539.jpg,23.89251708984375,26.371856689453125,5.491663548967897,89.22153056599683,1392405539.jpg,1392405539.jpg,3.23711340206186,0.535669283005862,60.752427184466
koniq10k_512x384\6530075543.jpg,37.35711669921875,48.99098587036133,7.88071276573739,88.88330843182787,6530075543.jpg,6530075543.jpg,3.83177570093458,0.46552833260779,81.2640186915888
koniq10k_512x384\3505262206.jpg,26.51214599609375,18.786487579345703,7.541406362300044,89.0564979453329,3505262206.jpg,3505262206.jpg,2.84466019417476,0.55584737560646,50.4269911504425
koniq10k_512x384\5316693478.jpg,9.54827880859375,26.19190788269043,2.211254576008176,89.37116115772109,5316693478.jpg,5316693478.jpg,3.14563106796116,0.531512215385263,58.3157894736842
koniq10k_512x384\4026925102.jpg,8.35125732421875,28.321874618530273,4.536557925560155,89.15042111368315,4026925102.jpg,4026925102.jpg,3.39252336448598,0.640710238952061,65.8214285714286
koniq10k_512x384\2142428164.jpg,12.26397705078125,23.20603370666504,2.575591556289795,89.46617759977782,2142428164.jpg,2142428164.jpg,3.7037037037037,0.567981493368036,74.0088495575221
koniq10k_512x384\6746049049.jpg,26.73187255859375,33.632450103759766,4.493838323224771,88.92417936370013,6746049049.jpg,6746049049.jpg,3.27102803738318,0.591928308030625,62.077731092437
koniq10k_512x384\5053500577.jpg,16.79412841796875,30.301300048828125,2.5682905291416502,89.4791582025943,5053500577.jpg,5053500577.jpg,3.40384615384615,0.566358334015961,65.1584821428571
koniq10k_512x384\6537249483.jpg,64.38812255859375,65.39073944091797,7.538391018741363,86.81932200836845,6537249483.jpg,6537249483.jpg,3.84905660377358,0.629322429740926,75.3217391304348
koniq10k_512x384\7393631040.jpg,-8.26666259765625,20.204227447509766,3.293885318092232,89.26590390883533,7393631040.jpg,7393631040.jpg,3.79464285714286,0.539241924632955,75.7435897435897
koniq10k_512x384\4696097531.jpg,17.35980224609375,32.37987518310547,3.1552454002888455,88.88362818444364,4696097531.jpg,4696097531.jpg,3.30188679245283,0.588295541547658,64.3567961165049
koniq10k_512x384\5036262446.jpg,26.44354248046875,37.67299270629883,6.366937158882974,89.06874751827523,5036262446.jpg,5036262446.jpg,3.54,0.539734315485991,68.2336448598131
koniq10k_512x384\9344542617.jpg,39.06146240234375,41.883121490478516,5.433596448294566,89.02930517036883,9344542617.jpg,9344542617.jpg,2.18018018018018,0.489864511847143,30.9237288135593
koniq10k_512x384\7328195954.jpg,14.06854248046875,36.26823043823242,4.573309816518695,88.88368333939421,7328195954.jpg,7328195954.jpg,3.62037037037037,0.558997644196006,72.1652173913044
koniq10k_512x384\7013076503.jpg,21.22857666015625,31.75005340576172,8.329163091423103,89.07936190108319,7013076503.jpg,7013076503.jpg,3.32710280373832,0.50982240590043,64.375
koniq10k_512x384\8380369304.jpg,29.40643310546875,28.688556671142578,5.695639521826617,89.28451828399908,8380369304.jpg,8380369304.jpg,2.4,0.619546918189723,36.925
koniq10k_512x384\4265877256.jpg,5.95208740234375,21.13912010192871,4.404499094305202,89.27098063433012,4265877256.jpg,4265877256.jpg,2.78231292517007,0.489856098561148,50.226821192053
koniq10k_512x384\3649082846.jpg,22.83319091796875,25.173906326293945,4.963568124413188,89.16527437252695,3649082846.jpg,3649082846.jpg,2.99047619047619,0.58004041794248,53.25
koniq10k_512x384\5197644731.jpg,0.83587646484375,11.204658508300781,6.347941791597756,88.92598778590792,5197644731.jpg,5197644731.jpg,3.0873786407767,0.561978230624793,56.5707547169811
koniq10k_512x384\5014526130.jpg,8.93353271484375,34.87499237060547,2.3285048039842753,89.26092741788115,5014526130.jpg,5014526130.jpg,3.48062015503876,0.50157214077648,69.9154135338346
koniq10k_512x384\6696763655.jpg,26.80096435546875,37.135162353515625,3.3169271953692703,89.059481969589,6696763655.jpg,6696763655.jpg,2.83809523809524,0.482856275873249,47.4799107142857
koniq10k_512x384\9758297555.jpg,-5.74273681640625,19.532207489013672,2.241826066888368,89.31561238708598,9758297555.jpg,9758297555.jpg,3.03921568627451,0.673715405841618,54.2087155963303
koniq10k_512x384\9264744599.jpg,35.26422119140625,40.32009506225586,4.905207101833896,88.73076240866003,9264744599.jpg,9264744599.jpg,3.24752475247525,0.638841773744632,64.1526548672566
koniq10k_512x384\5895477446.jpg,10.03460693359375,23.31609535217285,3.6438851805535553,89.2674616024998,5895477446.jpg,5895477446.jpg,3.8252427184466,0.513106350364809,75.775
koniq10k_512x384\4743492963.jpg,21.05511474609375,25.0673885345459,4.1561887562752,89.190989446499,4743492963.jpg,4743492963.jpg,2.57,0.555141259664437,40.8876146788991
koniq10k_512x384\4299510764.jpg,18.47332763671875,23.671092987060547,2.8632421982677028,89.57693405934653,4299510764.jpg,4299510764.jpg,3.50961538461538,0.539600576976746,67.8761061946903
koniq10k_512x384\9439902792.jpg,13.79400634765625,44.992271423339844,2.6120013083361786,89.44422081140542,9439902792.jpg,9439902792.jpg,3.65346534653465,0.555619358272486,75.9571428571429
