image_path,brisque_time,piqe_time,niqe_time,biqi_time,filename
koniq10k_512x384\8522515607.jpg,0.274918794631958,0.01823258399963379,0.1415245532989502,0.009549617767333984,8522515607.jpg
koniq10k_512x384\107505789.jpg,0.019968032836914062,0.005269765853881836,0.026458740234375,0.00762486457824707,107505789.jpg
koniq10k_512x384\9967844514.jpg,0.0200498104095459,0.005026817321777344,0.026785850524902344,0.007254600524902344,9967844514.jpg
koniq10k_512x384\2376602512.jpg,0.019246339797973633,0.004828929901123047,0.02602243423461914,0.0077626705169677734,2376602512.jpg
koniq10k_512x384\10077468576.jpg,0.018558740615844727,0.005495548248291016,0.026708364486694336,0.007248401641845703,10077468576.jpg
koniq10k_512x384\6474704871.jpg,0.01820230484008789,0.007051706314086914,0.026377201080322266,0.0071868896484375,6474704871.jpg
koniq10k_512x384\9005613417.jpg,0.019273042678833008,0.0051288604736328125,0.024309396743774414,0.0075190067291259766,9005613417.jpg
koniq10k_512x384\8562649420.jpg,0.019325733184814453,0.0047686100006103516,0.026218652725219727,0.007983684539794922,8562649420.jpg
koniq10k_512x384\5506212777.jpg,0.01772594451904297,0.004961729049682617,0.024222612380981445,0.0071942806243896484,5506212777.jpg
koniq10k_512x384\2739038267.jpg,0.019330978393554688,0.0053102970123291016,0.02486443519592285,0.007630109786987305,2739038267.jpg
koniq10k_512x384\2931922629.jpg,0.019143342971801758,0.004877805709838867,0.025244951248168945,0.007417917251586914,2931922629.jpg
koniq10k_512x384\9230996141.jpg,0.01795339584350586,0.005814313888549805,0.02439594268798828,0.0072994232177734375,9230996141.jpg
koniq10k_512x384\4549109010.jpg,0.01812744140625,0.005611896514892578,0.025246620178222656,0.008849620819091797,4549109010.jpg
koniq10k_512x384\10609356094.jpg,0.01965045928955078,0.005335569381713867,0.025515079498291016,0.008061647415161133,10609356094.jpg
koniq10k_512x384\6825162524.jpg,0.017332792282104492,0.004553556442260742,0.023310184478759766,0.007421731948852539,6825162524.jpg
koniq10k_512x384\8552550792.jpg,0.018702268600463867,0.004862785339355469,0.024347543716430664,0.0072917938232421875,8552550792.jpg
koniq10k_512x384\5847946773.jpg,0.017238855361938477,0.005182027816772461,0.02360081672668457,0.007411003112792969,5847946773.jpg
koniq10k_512x384\7189264298.jpg,0.018921852111816406,0.0055506229400634766,0.0250241756439209,0.008053302764892578,7189264298.jpg
koniq10k_512x384\10911095273.jpg,0.017905473709106445,0.0059032440185546875,0.02498483657836914,0.007110118865966797,10911095273.jpg
koniq10k_512x384\8705060352.jpg,0.01851201057434082,0.0050182342529296875,0.023739099502563477,0.0077953338623046875,8705060352.jpg
koniq10k_512x384\468518360.jpg,0.01897430419921875,0.00492548942565918,0.025826215744018555,0.007546424865722656,468518360.jpg
koniq10k_512x384\10721124556.jpg,0.018810272216796875,0.005156040191650391,0.025056123733520508,0.007526874542236328,10721124556.jpg
koniq10k_512x384\7163084628.jpg,0.01857614517211914,0.004874706268310547,0.023682832717895508,0.00702214241027832,7163084628.jpg
koniq10k_512x384\6942738260.jpg,0.019565582275390625,0.005292415618896484,0.025812864303588867,0.008208513259887695,6942738260.jpg
koniq10k_512x384\4905609957.jpg,0.01824045181274414,0.006255626678466797,0.02418994903564453,0.007082462310791016,4905609957.jpg
koniq10k_512x384\5990072932.jpg,0.01740550994873047,0.004923105239868164,0.023534774780273438,0.0074427127838134766,5990072932.jpg
koniq10k_512x384\8877114673.jpg,0.01734781265258789,0.004696846008300781,0.02303314208984375,0.007362842559814453,8877114673.jpg
koniq10k_512x384\5034975248.jpg,0.01769232749938965,0.004540681838989258,0.025027990341186523,0.007430315017700195,5034975248.jpg
koniq10k_512x384\6376701103.jpg,0.018259525299072266,0.005806446075439453,0.025159597396850586,0.007821321487426758,6376701103.jpg
koniq10k_512x384\6147638271.jpg,0.018526792526245117,0.005614519119262695,0.025004863739013672,0.007843017578125,6147638271.jpg
koniq10k_512x384\4524543534.jpg,0.01900196075439453,0.0058307647705078125,0.02463698387145996,0.009373903274536133,4524543534.jpg
koniq10k_512x384\8668692139.jpg,0.01777791976928711,0.004735469818115234,0.02433633804321289,0.007352352142333984,8668692139.jpg
koniq10k_512x384\8041987489.jpg,0.020435810089111328,0.0057752132415771484,0.02394413948059082,0.007602691650390625,8041987489.jpg
koniq10k_512x384\7295363820.jpg,0.01824498176574707,0.005198001861572266,0.025661706924438477,0.00838470458984375,7295363820.jpg
koniq10k_512x384\4495910719.jpg,0.017421245574951172,0.004579305648803711,0.024013280868530273,0.0073239803314208984,4495910719.jpg
koniq10k_512x384\5967167167.jpg,0.026505470275878906,0.011894941329956055,0.03272867202758789,0.00764155387878418,5967167167.jpg
koniq10k_512x384\5290105717.jpg,0.018486976623535156,0.00467228889465332,0.026288270950317383,0.006910800933837891,5290105717.jpg
koniq10k_512x384\4583125138.jpg,0.019500732421875,0.004893302917480469,0.024600982666015625,0.007735013961791992,4583125138.jpg
koniq10k_512x384\9767373513.jpg,0.02440047264099121,0.005933523178100586,0.028316020965576172,0.00821232795715332,9767373513.jpg
koniq10k_512x384\9034707954.jpg,0.019185304641723633,0.004759311676025391,0.02660846710205078,0.007566690444946289,9034707954.jpg
koniq10k_512x384\7878410170.jpg,0.018664121627807617,0.004622459411621094,0.02579355239868164,0.007002353668212891,7878410170.jpg
koniq10k_512x384\10241895785.jpg,0.01923203468322754,0.005505800247192383,0.025260210037231445,0.008578777313232422,10241895785.jpg
koniq10k_512x384\1429848565.jpg,0.02674579620361328,0.005957365036010742,0.032408952713012695,0.007960319519042969,1429848565.jpg
koniq10k_512x384\8250498441.jpg,0.020537137985229492,0.004849910736083984,0.026860952377319336,0.007819652557373047,8250498441.jpg
koniq10k_512x384\4456369143.jpg,0.020351409912109375,0.004697322845458984,0.025899887084960938,0.0077435970306396484,4456369143.jpg
koniq10k_512x384\6864569694.jpg,0.01841425895690918,0.005369663238525391,0.02471017837524414,0.007787466049194336,6864569694.jpg
koniq10k_512x384\10265315316.jpg,0.02024555206298828,0.005568504333496094,0.024770021438598633,0.007397890090942383,10265315316.jpg
koniq10k_512x384\5667464271.jpg,0.019100189208984375,0.0054531097412109375,0.024777889251708984,0.00906825065612793,5667464271.jpg
koniq10k_512x384\7822391242.jpg,0.01982879638671875,0.004796504974365234,0.024352550506591797,0.007796049118041992,7822391242.jpg
koniq10k_512x384\4358436337.jpg,0.018218994140625,0.005791902542114258,0.023940324783325195,0.007249593734741211,4358436337.jpg
koniq10k_512x384\5517472829.jpg,0.017735958099365234,0.004370689392089844,0.023773908615112305,0.0067653656005859375,5517472829.jpg
koniq10k_512x384\6419135601.jpg,0.017841577529907227,0.005420207977294922,0.02365589141845703,0.00814366340637207,6419135601.jpg
koniq10k_512x384\8132808180.jpg,0.017223119735717773,0.004697322845458984,0.024834394454956055,0.007333517074584961,8132808180.jpg
koniq10k_512x384\5354741393.jpg,0.018071413040161133,0.0052280426025390625,0.02399921417236328,0.007501840591430664,5354741393.jpg
koniq10k_512x384\6543370923.jpg,0.018134355545043945,0.004730939865112305,0.02401280403137207,0.007543325424194336,6543370923.jpg
koniq10k_512x384\8214901795.jpg,0.01779913902282715,0.0051729679107666016,0.02415919303894043,0.007321834564208984,8214901795.jpg
koniq10k_512x384\2952066894.jpg,0.01849532127380371,0.00464177131652832,0.023012876510620117,0.007080793380737305,2952066894.jpg
koniq10k_512x384\3560022258.jpg,0.017955541610717773,0.004593849182128906,0.02313375473022461,0.0069391727447509766,3560022258.jpg
koniq10k_512x384\11006895124.jpg,0.022114992141723633,0.007247209548950195,0.02899932861328125,0.007521390914916992,11006895124.jpg
koniq10k_512x384\9351387644.jpg,0.017630577087402344,0.004666566848754883,0.024176359176635742,0.00700688362121582,9351387644.jpg
koniq10k_512x384\6142593562.jpg,0.017644882202148438,0.004998207092285156,0.024087905883789062,0.007554054260253906,6142593562.jpg
koniq10k_512x384\2300197705.jpg,0.01679205894470215,0.0051195621490478516,0.02460765838623047,0.007573127746582031,2300197705.jpg
koniq10k_512x384\4750416133.jpg,0.01965618133544922,0.0056531429290771484,0.02496790885925293,0.0076138973236083984,4750416133.jpg
koniq10k_512x384\120328351.jpg,0.01800060272216797,0.004585981369018555,0.023837566375732422,0.007142543792724609,120328351.jpg
koniq10k_512x384\6431960911.jpg,0.017656803131103516,0.0048367977142333984,0.023366451263427734,0.0069980621337890625,6431960911.jpg
koniq10k_512x384\7908624656.jpg,0.017843961715698242,0.00499725341796875,0.02483534812927246,0.008838176727294922,7908624656.jpg
koniq10k_512x384\7331539774.jpg,0.018135547637939453,0.005915641784667969,0.024344682693481445,0.008001327514648438,7331539774.jpg
koniq10k_512x384\5449529114.jpg,0.01990818977355957,0.0054738521575927734,0.02516031265258789,0.008550643920898438,5449529114.jpg
koniq10k_512x384\8608282741.jpg,0.020568132400512695,0.004496574401855469,0.026711702346801758,0.007788896560668945,8608282741.jpg
koniq10k_512x384\9553679433.jpg,0.02089548110961914,0.005598545074462891,0.025124311447143555,0.007638454437255859,9553679433.jpg
koniq10k_512x384\8212033390.jpg,0.016866683959960938,0.004883289337158203,0.0269317626953125,0.007140636444091797,8212033390.jpg
koniq10k_512x384\5700146083.jpg,0.01775383949279785,0.005025625228881836,0.023393869400024414,0.007485866546630859,5700146083.jpg
koniq10k_512x384\10071864114.jpg,0.018085002899169922,0.00477290153503418,0.022671937942504883,0.0071752071380615234,10071864114.jpg
koniq10k_512x384\139999071.jpg,0.017386436462402344,0.0047223567962646484,0.02434253692626953,0.0071375370025634766,139999071.jpg
koniq10k_512x384\5859309993.jpg,0.021755695343017578,0.005065202713012695,0.02322554588317871,0.007545948028564453,5859309993.jpg
koniq10k_512x384\226477214.jpg,0.018828630447387695,0.00497746467590332,0.02414846420288086,0.007400989532470703,226477214.jpg
koniq10k_512x384\4668832694.jpg,0.019545793533325195,0.00532221794128418,0.02684307098388672,0.007589817047119141,4668832694.jpg
koniq10k_512x384\7367414528.jpg,0.017735719680786133,0.004671335220336914,0.023732900619506836,0.007040739059448242,7367414528.jpg
koniq10k_512x384\7795515978.jpg,0.017943859100341797,0.0045130252838134766,0.023414134979248047,0.006848573684692383,7795515978.jpg
koniq10k_512x384\79475896.jpg,0.01744699478149414,0.005022287368774414,0.023319244384765625,0.007174015045166016,79475896.jpg
koniq10k_512x384\8311563943.jpg,0.017583847045898438,0.00499415397644043,0.02357006072998047,0.0070421695709228516,8311563943.jpg
koniq10k_512x384\1500316824.jpg,0.018291473388671875,0.0047512054443359375,0.023975849151611328,0.007654666900634766,1500316824.jpg
koniq10k_512x384\3722476330.jpg,0.017671585083007812,0.005218029022216797,0.023965120315551758,0.007447242736816406,3722476330.jpg
koniq10k_512x384\3606644176.jpg,0.01980280876159668,0.0048143863677978516,0.02611374855041504,0.009280920028686523,3606644176.jpg
koniq10k_512x384\11245083256.jpg,0.020090341567993164,0.004826784133911133,0.026020288467407227,0.00820016860961914,11245083256.jpg
koniq10k_512x384\8108709244.jpg,0.019211530685424805,0.005418300628662109,0.027568578720092773,0.008026599884033203,8108709244.jpg
koniq10k_512x384\8650937010.jpg,0.01836991310119629,0.0047299861907958984,0.02465033531188965,0.007061481475830078,8650937010.jpg
koniq10k_512x384\2428050358.jpg,0.017973899841308594,0.005315065383911133,0.025550365447998047,0.007143735885620117,2428050358.jpg
koniq10k_512x384\6175384810.jpg,0.01741957664489746,0.004712104797363281,0.02454972267150879,0.011462211608886719,6175384810.jpg
koniq10k_512x384\3149433848.jpg,0.018963336944580078,0.005484104156494141,0.0267484188079834,0.006838798522949219,3149433848.jpg
koniq10k_512x384\2973164436.jpg,0.016960620880126953,0.004663228988647461,0.024326562881469727,0.0074253082275390625,2973164436.jpg
koniq10k_512x384\9406497605.jpg,0.01937103271484375,0.005585670471191406,0.024791479110717773,0.0077588558197021484,9406497605.jpg
koniq10k_512x384\31490353.jpg,0.016815662384033203,0.005016326904296875,0.023355722427368164,0.007172822952270508,31490353.jpg
koniq10k_512x384\10079711433.jpg,0.017566442489624023,0.00444483757019043,0.024367570877075195,0.006803035736083984,10079711433.jpg
koniq10k_512x384\10196228605.jpg,0.018342256546020508,0.005732297897338867,0.02426290512084961,0.007835149765014648,10196228605.jpg
koniq10k_512x384\4278181256.jpg,0.019628286361694336,0.004639387130737305,0.025547266006469727,0.007494688034057617,4278181256.jpg
koniq10k_512x384\8455329161.jpg,0.018393516540527344,0.004554033279418945,0.02279496192932129,0.007284879684448242,8455329161.jpg
koniq10k_512x384\8465545790.jpg,0.018107175827026367,0.0045413970947265625,0.025060176849365234,0.006485462188720703,8465545790.jpg
koniq10k_512x384\2365109175.jpg,0.01786351203918457,0.0051538944244384766,0.02349257469177246,0.007398128509521484,2365109175.jpg
koniq10k_512x384\4953733701.jpg,0.01885819435119629,0.0047588348388671875,0.02483677864074707,0.006463527679443359,4953733701.jpg
koniq10k_512x384\7265767786.jpg,0.01799297332763672,0.005740642547607422,0.023833274841308594,0.007692813873291016,7265767786.jpg
koniq10k_512x384\1429120335.jpg,0.01825690269470215,0.004850625991821289,0.024875879287719727,0.007333278656005859,1429120335.jpg
koniq10k_512x384\8346245093.jpg,0.01923370361328125,0.005849123001098633,0.02470541000366211,0.00882720947265625,8346245093.jpg
koniq10k_512x384\11520125355.jpg,0.018007278442382812,0.00537419319152832,0.02473902702331543,0.007577419281005859,11520125355.jpg
koniq10k_512x384\5125398207.jpg,0.017874479293823242,0.004603147506713867,0.0244753360748291,0.006537914276123047,5125398207.jpg
koniq10k_512x384\7092360919.jpg,0.017566680908203125,0.00503087043762207,0.02395915985107422,0.007515668869018555,7092360919.jpg
koniq10k_512x384\3839953318.jpg,0.018026113510131836,0.004935741424560547,0.02393174171447754,0.007822275161743164,3839953318.jpg
koniq10k_512x384\7057320569.jpg,0.01895308494567871,0.005528926849365234,0.02410602569580078,0.0075948238372802734,7057320569.jpg
koniq10k_512x384\2477552466.jpg,0.018045902252197266,0.0046389102935791016,0.02328777313232422,0.007237672805786133,2477552466.jpg
koniq10k_512x384\3026852045.jpg,0.01836848258972168,0.005753755569458008,0.023751020431518555,0.007112264633178711,3026852045.jpg
koniq10k_512x384\8268523027.jpg,0.018294334411621094,0.004658937454223633,0.02406907081604004,0.007126331329345703,8268523027.jpg
koniq10k_512x384\10883456586.jpg,0.018117666244506836,0.0046482086181640625,0.023753881454467773,0.007119655609130859,10883456586.jpg
koniq10k_512x384\4373225530.jpg,0.01758885383605957,0.005373716354370117,0.023219823837280273,0.007557868957519531,4373225530.jpg
koniq10k_512x384\6892058753.jpg,0.017316579818725586,0.004439353942871094,0.0223538875579834,0.006857156753540039,6892058753.jpg
koniq10k_512x384\9442161547.jpg,0.017342329025268555,0.00480961799621582,0.023958921432495117,0.0069768428802490234,9442161547.jpg
koniq10k_512x384\8183741020.jpg,0.017693758010864258,0.0048465728759765625,0.023499488830566406,0.0075740814208984375,8183741020.jpg
koniq10k_512x384\8317893385.jpg,0.018323421478271484,0.004722118377685547,0.02576470375061035,0.0074427127838134766,8317893385.jpg
koniq10k_512x384\5912070942.jpg,0.017053604125976562,0.004585981369018555,0.02398681640625,0.006651401519775391,5912070942.jpg
koniq10k_512x384\7354160932.jpg,0.017433643341064453,0.005021333694458008,0.023763179779052734,0.0077059268951416016,7354160932.jpg
koniq10k_512x384\8597381500.jpg,0.017328262329101562,0.004569530487060547,0.023273468017578125,0.006995439529418945,8597381500.jpg
koniq10k_512x384\7579386834.jpg,0.018290281295776367,0.004740715026855469,0.023889780044555664,0.00896000862121582,7579386834.jpg
koniq10k_512x384\4289036535.jpg,0.019625186920166016,0.004582881927490234,0.025393962860107422,0.007521152496337891,4289036535.jpg
koniq10k_512x384\4265829347.jpg,0.02022242546081543,0.005254268646240234,0.02566385269165039,0.0073282718658447266,4265829347.jpg
koniq10k_512x384\6968409021.jpg,0.0187532901763916,0.005887746810913086,0.024117469787597656,0.007596015930175781,6968409021.jpg
koniq10k_512x384\11522920033.jpg,0.01880621910095215,0.005040884017944336,0.024985313415527344,0.007508754730224609,11522920033.jpg
koniq10k_512x384\8652814108.jpg,0.01801919937133789,0.0047893524169921875,0.02498316764831543,0.007122516632080078,8652814108.jpg
koniq10k_512x384\4591422965.jpg,0.01784038543701172,0.004674434661865234,0.02471184730529785,0.00785207748413086,4591422965.jpg
koniq10k_512x384\6079223986.jpg,0.019366979598999023,0.004591703414916992,0.02475428581237793,0.006997585296630859,6079223986.jpg
koniq10k_512x384\6788897458.jpg,0.020287036895751953,0.006357431411743164,0.027240991592407227,0.007517337799072266,6788897458.jpg
koniq10k_512x384\8257779790.jpg,0.01748371124267578,0.00618433952331543,0.024481534957885742,0.007465839385986328,8257779790.jpg
koniq10k_512x384\9108357145.jpg,0.019176006317138672,0.005072355270385742,0.025818586349487305,0.00798344612121582,9108357145.jpg
koniq10k_512x384\8021456503.jpg,0.018475055694580078,0.0046846866607666016,0.025107383728027344,0.007119894027709961,8021456503.jpg
koniq10k_512x384\10762659033.jpg,0.01889491081237793,0.010051727294921875,0.0288240909576416,0.007132291793823242,10762659033.jpg
koniq10k_512x384\3130211082.jpg,0.018354177474975586,0.004858732223510742,0.02389049530029297,0.007397651672363281,3130211082.jpg
koniq10k_512x384\8377051997.jpg,0.01788163185119629,0.005271434783935547,0.02367424964904785,0.007350444793701172,8377051997.jpg
koniq10k_512x384\4525459727.jpg,0.019321918487548828,0.004559755325317383,0.026187419891357422,0.007919073104858398,4525459727.jpg
koniq10k_512x384\8502191647.jpg,0.018178701400756836,0.005216360092163086,0.023358821868896484,0.007652759552001953,8502191647.jpg
koniq10k_512x384\8003457683.jpg,0.018619060516357422,0.0047838687896728516,0.02394247055053711,0.007177829742431641,8003457683.jpg
koniq10k_512x384\3465087333.jpg,0.017482280731201172,0.004855155944824219,0.024351835250854492,0.009195566177368164,3465087333.jpg
koniq10k_512x384\2421141390.jpg,0.020503997802734375,0.00560760498046875,0.02330613136291504,0.008554458618164062,2421141390.jpg
koniq10k_512x384\11406584295.jpg,0.019201040267944336,0.00564122200012207,0.0247042179107666,0.007921457290649414,11406584295.jpg
koniq10k_512x384\7175697564.jpg,0.018122196197509766,0.004607200622558594,0.023669958114624023,0.007062196731567383,7175697564.jpg
koniq10k_512x384\8950318830.jpg,0.01947021484375,0.004884243011474609,0.02467489242553711,0.007626533508300781,8950318830.jpg
koniq10k_512x384\11408443745.jpg,0.017065763473510742,0.004624366760253906,0.0229949951171875,0.00685429573059082,11408443745.jpg
koniq10k_512x384\7445811974.jpg,0.019328832626342773,0.004660844802856445,0.024822711944580078,0.006361484527587891,7445811974.jpg
koniq10k_512x384\8939389375.jpg,0.018046855926513672,0.00550079345703125,0.023557186126708984,0.007048606872558594,8939389375.jpg
koniq10k_512x384\4975773859.jpg,0.026314496994018555,0.005639791488647461,0.024435043334960938,0.006833314895629883,4975773859.jpg
koniq10k_512x384\7391355184.jpg,0.01898932456970215,0.004929065704345703,0.023396015167236328,0.0081024169921875,7391355184.jpg
koniq10k_512x384\7913897946.jpg,0.02162003517150879,0.005867719650268555,0.0257871150970459,0.007939815521240234,7913897946.jpg
koniq10k_512x384\5602472061.jpg,0.018761396408081055,0.005194902420043945,0.024804115295410156,0.008038997650146484,5602472061.jpg
koniq10k_512x384\356523006.jpg,0.018056392669677734,0.005262613296508789,0.02407360076904297,0.007311105728149414,356523006.jpg
koniq10k_512x384\11209221046.jpg,0.020650148391723633,0.006099224090576172,0.02770233154296875,0.007399320602416992,11209221046.jpg
koniq10k_512x384\9482519952.jpg,0.019335508346557617,0.00613856315612793,0.025115966796875,0.007517814636230469,9482519952.jpg
koniq10k_512x384\4086204414.jpg,0.01951742172241211,0.004877805709838867,0.023402929306030273,0.0073664188385009766,4086204414.jpg
koniq10k_512x384\6040260022.jpg,0.016650676727294922,0.004824638366699219,0.02280592918395996,0.007146358489990234,6040260022.jpg
koniq10k_512x384\2960552821.jpg,0.01834392547607422,0.004420757293701172,0.024945974349975586,0.006880760192871094,2960552821.jpg
koniq10k_512x384\3206690420.jpg,0.019191265106201172,0.007508754730224609,0.025902986526489258,0.008144140243530273,3206690420.jpg
koniq10k_512x384\11270280904.jpg,0.01703500747680664,0.005315542221069336,0.02420520782470703,0.006855964660644531,11270280904.jpg
koniq10k_512x384\3892086124.jpg,0.018086910247802734,0.004783153533935547,0.024819374084472656,0.0071523189544677734,3892086124.jpg
koniq10k_512x384\5309326426.jpg,0.023630380630493164,0.005909442901611328,0.03351330757141113,0.0075643062591552734,5309326426.jpg
koniq10k_512x384\9000701354.jpg,0.018729209899902344,0.005383729934692383,0.024065494537353516,0.00803518295288086,9000701354.jpg
koniq10k_512x384\10089027076.jpg,0.018662214279174805,0.004682779312133789,0.02491021156311035,0.007855892181396484,10089027076.jpg
koniq10k_512x384\8988143845.jpg,0.018473148345947266,0.005319833755493164,0.02576613426208496,0.007571220397949219,8988143845.jpg
koniq10k_512x384\8904864157.jpg,0.01868438720703125,0.00533747673034668,0.02403426170349121,0.007475376129150391,8904864157.jpg
koniq10k_512x384\2927008302.jpg,0.0179598331451416,0.004875659942626953,0.025163888931274414,0.007088422775268555,2927008302.jpg
koniq10k_512x384\9200093125.jpg,0.017670631408691406,0.0057981014251708984,0.0239715576171875,0.007622241973876953,9200093125.jpg
koniq10k_512x384\8570770544.jpg,0.018370628356933594,0.004693031311035156,0.025089740753173828,0.007626056671142578,8570770544.jpg
koniq10k_512x384\4273357838.jpg,0.017832040786743164,0.005734920501708984,0.024492263793945312,0.007745504379272461,4273357838.jpg
koniq10k_512x384\5265556048.jpg,0.0178220272064209,0.004350423812866211,0.023988723754882812,0.005784749984741211,5265556048.jpg
koniq10k_512x384\8171751224.jpg,0.017826080322265625,0.005303859710693359,0.023203134536743164,0.007513523101806641,8171751224.jpg
koniq10k_512x384\434127863.jpg,0.01715850830078125,0.0047817230224609375,0.023867130279541016,0.007565021514892578,434127863.jpg
koniq10k_512x384\6286044979.jpg,0.018726348876953125,0.005192756652832031,0.022997379302978516,0.007481575012207031,6286044979.jpg
koniq10k_512x384\5619807447.jpg,0.017072677612304688,0.005688905715942383,0.02335190773010254,0.008069038391113281,5619807447.jpg
koniq10k_512x384\6280923250.jpg,0.01888298988342285,0.004716157913208008,0.02557086944580078,0.007639646530151367,6280923250.jpg
koniq10k_512x384\5416465084.jpg,0.018274545669555664,0.004563570022583008,0.024025678634643555,0.009181737899780273,5416465084.jpg
koniq10k_512x384\8702518420.jpg,0.01845264434814453,0.0059473514556884766,0.023649215698242188,0.007897615432739258,8702518420.jpg
koniq10k_512x384\6289164461.jpg,0.01744556427001953,0.0044858455657958984,0.023742198944091797,0.0070343017578125,6289164461.jpg
koniq10k_512x384\10625988224.jpg,0.01806330680847168,0.005307435989379883,0.023871183395385742,0.007523298263549805,10625988224.jpg
koniq10k_512x384\4961486371.jpg,0.01761460304260254,0.005384922027587891,0.02569437026977539,0.007840871810913086,4961486371.jpg
koniq10k_512x384\6143020134.jpg,0.017842769622802734,0.005405426025390625,0.02339959144592285,0.008621931076049805,6143020134.jpg
koniq10k_512x384\8520990466.jpg,0.01915454864501953,0.004992008209228516,0.025632858276367188,0.007862329483032227,8520990466.jpg
koniq10k_512x384\2768178889.jpg,0.01847100257873535,0.004979372024536133,0.024925947189331055,0.0070993900299072266,2768178889.jpg
koniq10k_512x384\9094228395.jpg,0.017503976821899414,0.0050051212310791016,0.02472853660583496,0.007292270660400391,9094228395.jpg
koniq10k_512x384\8885623781.jpg,0.018774986267089844,0.004761695861816406,0.024828672409057617,0.007559061050415039,8885623781.jpg
koniq10k_512x384\5952945336.jpg,0.01800370216369629,0.005656242370605469,0.023818016052246094,0.00820779800415039,5952945336.jpg
koniq10k_512x384\8460376605.jpg,0.017978191375732422,0.004622220993041992,0.023447036743164062,0.007991552352905273,8460376605.jpg
koniq10k_512x384\6608146543.jpg,0.018088817596435547,0.005095005035400391,0.023660659790039062,0.007471561431884766,6608146543.jpg
koniq10k_512x384\3241749396.jpg,0.018163442611694336,0.0048465728759765625,0.02329421043395996,0.006901264190673828,3241749396.jpg
koniq10k_512x384\5628885328.jpg,0.01764702796936035,0.004654645919799805,0.023839712142944336,0.008176088333129883,5628885328.jpg
koniq10k_512x384\5500570132.jpg,0.017360210418701172,0.0049326419830322266,0.022923707962036133,0.0072002410888671875,5500570132.jpg
koniq10k_512x384\8354529751.jpg,0.018388986587524414,0.004753589630126953,0.024173974990844727,0.007481575012207031,8354529751.jpg
koniq10k_512x384\4658471909.jpg,0.018199443817138672,0.00459742546081543,0.023764371871948242,0.006870269775390625,4658471909.jpg
koniq10k_512x384\2113239475.jpg,0.019617795944213867,0.004640340805053711,0.02263164520263672,0.007849693298339844,2113239475.jpg
koniq10k_512x384\8596361580.jpg,0.018180370330810547,0.0050966739654541016,0.03533744812011719,0.008666276931762695,8596361580.jpg
koniq10k_512x384\5227449110.jpg,0.022833824157714844,0.007570743560791016,0.02261042594909668,0.007252931594848633,5227449110.jpg
koniq10k_512x384\6643932717.jpg,0.017862319946289062,0.00462794303894043,0.023353099822998047,0.007083415985107422,6643932717.jpg
koniq10k_512x384\5180032640.jpg,0.019210100173950195,0.004873514175415039,0.022899627685546875,0.007645368576049805,5180032640.jpg
koniq10k_512x384\9062040259.jpg,0.018031835556030273,0.00482487678527832,0.02397918701171875,0.007282257080078125,9062040259.jpg
koniq10k_512x384\8596963541.jpg,0.019997119903564453,0.004918336868286133,0.022965192794799805,0.007911205291748047,8596963541.jpg
koniq10k_512x384\2631446955.jpg,0.018303632736206055,0.005501270294189453,0.023929834365844727,0.007881641387939453,2631446955.jpg
koniq10k_512x384\11087687983.jpg,0.020016193389892578,0.005880594253540039,0.028505802154541016,0.00891566276550293,11087687983.jpg
koniq10k_512x384\5685134916.jpg,0.02173137664794922,0.004854917526245117,0.02622365951538086,0.00839090347290039,5685134916.jpg
koniq10k_512x384\8599891034.jpg,0.019261598587036133,0.004725217819213867,0.025060653686523438,0.006835222244262695,8599891034.jpg
koniq10k_512x384\9687081006.jpg,0.0184786319732666,0.0057184696197509766,0.023623943328857422,0.008217096328735352,9687081006.jpg
koniq10k_512x384\11201160185.jpg,0.019064664840698242,0.004456996917724609,0.02413201332092285,0.007405996322631836,11201160185.jpg
koniq10k_512x384\7974813040.jpg,0.019661426544189453,0.005134105682373047,0.02570939064025879,0.007132291793823242,7974813040.jpg
koniq10k_512x384\156451756.jpg,0.017534494400024414,0.004920005798339844,0.02438044548034668,0.007315158843994141,156451756.jpg
koniq10k_512x384\2615955728.jpg,0.01801586151123047,0.004809379577636719,0.025127887725830078,0.007318258285522461,2615955728.jpg
koniq10k_512x384\6956011813.jpg,0.017934322357177734,0.004792213439941406,0.023227930068969727,0.007694244384765625,6956011813.jpg
koniq10k_512x384\3794461596.jpg,0.019211530685424805,0.0053594112396240234,0.02547478675842285,0.008196830749511719,3794461596.jpg
koniq10k_512x384\8020768393.jpg,0.017785310745239258,0.0068056583404541016,0.02526259422302246,0.009238958358764648,8020768393.jpg
koniq10k_512x384\10295875445.jpg,0.018452882766723633,0.005746603012084961,0.024289846420288086,0.006960391998291016,10295875445.jpg
koniq10k_512x384\8710431611.jpg,0.018367290496826172,0.004552125930786133,0.02492046356201172,0.007554054260253906,8710431611.jpg
koniq10k_512x384\5227846365.jpg,0.01697373390197754,0.005623817443847656,0.02430415153503418,0.0078046321868896484,5227846365.jpg
koniq10k_512x384\9916890605.jpg,0.017426013946533203,0.00491642951965332,0.043415069580078125,0.007412433624267578,9916890605.jpg
koniq10k_512x384\5308397567.jpg,0.018424272537231445,0.005622148513793945,0.024187803268432617,0.0075490474700927734,5308397567.jpg
koniq10k_512x384\8228733135.jpg,0.017863035202026367,0.00449824333190918,0.02438640594482422,0.006776094436645508,8228733135.jpg
koniq10k_512x384\11260270773.jpg,0.018512487411499023,0.006228923797607422,0.024878978729248047,0.007420778274536133,11260270773.jpg
koniq10k_512x384\7892635308.jpg,0.01775336265563965,0.004549980163574219,0.024101734161376953,0.00745701789855957,7892635308.jpg
koniq10k_512x384\5830228003.jpg,0.018943309783935547,0.006255149841308594,0.02706766128540039,0.008411407470703125,5830228003.jpg
koniq10k_512x384\11419816946.jpg,0.02041316032409668,0.004855155944824219,0.025864601135253906,0.007956743240356445,11419816946.jpg
koniq10k_512x384\5176288733.jpg,0.018504619598388672,0.005881786346435547,0.02389812469482422,0.0077130794525146484,5176288733.jpg
koniq10k_512x384\2753587179.jpg,0.01788473129272461,0.004408597946166992,0.02417898178100586,0.0071468353271484375,2753587179.jpg
koniq10k_512x384\11301386435.jpg,0.017357349395751953,0.005566120147705078,0.02427530288696289,0.007121562957763672,11301386435.jpg
koniq10k_512x384\42490373.jpg,0.017650842666625977,0.004891395568847656,0.02427053451538086,0.007405519485473633,42490373.jpg
koniq10k_512x384\10819132874.jpg,0.01859760284423828,0.0055463314056396484,0.026638031005859375,0.007257223129272461,10819132874.jpg
koniq10k_512x384\7470832570.jpg,0.0185091495513916,0.00534510612487793,0.02448248863220215,0.007873296737670898,7470832570.jpg
koniq10k_512x384\4243875190.jpg,0.018779516220092773,0.004695892333984375,0.0244600772857666,0.009897232055664062,4243875190.jpg
koniq10k_512x384\10693826785.jpg,0.019179582595825195,0.006106853485107422,0.024068832397460938,0.009226560592651367,10693826785.jpg
koniq10k_512x384\4162338388.jpg,0.01758885383605957,0.005431413650512695,0.026161670684814453,0.007475376129150391,4162338388.jpg
koniq10k_512x384\8123324192.jpg,0.018225431442260742,0.004888296127319336,0.023525238037109375,0.007318019866943359,8123324192.jpg
koniq10k_512x384\4710464067.jpg,0.01727008819580078,0.004965543746948242,0.026102304458618164,0.007503509521484375,4710464067.jpg
koniq10k_512x384\10723077086.jpg,0.017606258392333984,0.005552053451538086,0.025154829025268555,0.0073740482330322266,10723077086.jpg
koniq10k_512x384\5565514955.jpg,0.01784658432006836,0.004746913909912109,0.026818275451660156,0.006520509719848633,5565514955.jpg
koniq10k_512x384\3452963187.jpg,0.01637887954711914,0.0053827762603759766,0.02381134033203125,0.007202625274658203,3452963187.jpg
koniq10k_512x384\8507554609.jpg,0.01730799674987793,0.00446629524230957,0.0229489803314209,0.007064342498779297,8507554609.jpg
koniq10k_512x384\5384624254.jpg,0.017393827438354492,0.004379749298095703,0.022475481033325195,0.007752656936645508,5384624254.jpg
koniq10k_512x384\2688019250.jpg,0.018425941467285156,0.0055887699127197266,0.025064468383789062,0.007659912109375,2688019250.jpg
koniq10k_512x384\4504355317.jpg,0.019350767135620117,0.005020618438720703,0.024825096130371094,0.007894754409790039,4504355317.jpg
koniq10k_512x384\10737029565.jpg,0.017651081085205078,0.005491495132446289,0.024501800537109375,0.007563591003417969,10737029565.jpg
koniq10k_512x384\5590179803.jpg,0.017313241958618164,0.004578113555908203,0.02465677261352539,0.00853109359741211,5590179803.jpg
koniq10k_512x384\51433626.jpg,0.03433513641357422,0.004761695861816406,0.023252487182617188,0.006659269332885742,51433626.jpg
koniq10k_512x384\8137649050.jpg,0.017341136932373047,0.005096435546875,0.02336406707763672,0.006992816925048828,8137649050.jpg
koniq10k_512x384\8228841274.jpg,0.019945383071899414,0.004553556442260742,0.024026870727539062,0.006464958190917969,8228841274.jpg
koniq10k_512x384\5856115357.jpg,0.017331361770629883,0.005364418029785156,0.02344965934753418,0.007208347320556641,5856115357.jpg
koniq10k_512x384\6224584485.jpg,0.017917156219482422,0.004897356033325195,0.023458242416381836,0.006932497024536133,6224584485.jpg
koniq10k_512x384\9419183210.jpg,0.01714324951171875,0.004335165023803711,0.023650407791137695,0.008711099624633789,9419183210.jpg
koniq10k_512x384\2231043641.jpg,0.018488645553588867,0.005120515823364258,0.023917198181152344,0.006916999816894531,2231043641.jpg
koniq10k_512x384\6343807770.jpg,0.01994037628173828,0.0046844482421875,0.024907588958740234,0.0075757503509521484,6343807770.jpg
koniq10k_512x384\5437634548.jpg,0.019969463348388672,0.005306243896484375,0.02426433563232422,0.007361412048339844,5437634548.jpg
koniq10k_512x384\10264984793.jpg,0.01890254020690918,0.005846738815307617,0.02448296546936035,0.007130146026611328,10264984793.jpg
koniq10k_512x384\82183009.jpg,0.020166635513305664,0.005692243576049805,0.024772167205810547,0.007932901382446289,82183009.jpg
koniq10k_512x384\8617920561.jpg,0.017138242721557617,0.004953861236572266,0.025171756744384766,0.007250308990478516,8617920561.jpg
koniq10k_512x384\3108798537.jpg,0.017771005630493164,0.005124807357788086,0.023516416549682617,0.0070858001708984375,3108798537.jpg
koniq10k_512x384\8637618858.jpg,0.01777482032775879,0.005040407180786133,0.02349400520324707,0.007586956024169922,8637618858.jpg
koniq10k_512x384\6979435146.jpg,0.017467975616455078,0.004750490188598633,0.02439141273498535,0.007651567459106445,6979435146.jpg
koniq10k_512x384\7331542456.jpg,0.017530202865600586,0.005223751068115234,0.0242767333984375,0.007653236389160156,7331542456.jpg
koniq10k_512x384\3100238639.jpg,0.022645235061645508,0.009455204010009766,0.026303768157958984,0.007073640823364258,3100238639.jpg
koniq10k_512x384\5602195949.jpg,0.022181034088134766,0.0048177242279052734,0.025193214416503906,0.007708549499511719,5602195949.jpg
koniq10k_512x384\7113461019.jpg,0.018172740936279297,0.005241870880126953,0.023812055587768555,0.007433176040649414,7113461019.jpg
koniq10k_512x384\5185255513.jpg,0.017771244049072266,0.004506349563598633,0.023822784423828125,0.006386280059814453,5185255513.jpg
koniq10k_512x384\8427827661.jpg,0.017902612686157227,0.005427122116088867,0.024109840393066406,0.008021116256713867,8427827661.jpg
koniq10k_512x384\5880272825.jpg,0.017952680587768555,0.004627227783203125,0.024738788604736328,0.007170677185058594,5880272825.jpg
koniq10k_512x384\2928622708.jpg,0.019812345504760742,0.005253791809082031,0.02418231964111328,0.007376432418823242,2928622708.jpg
koniq10k_512x384\6957057987.jpg,0.019097328186035156,0.004883527755737305,0.024971961975097656,0.009592533111572266,6957057987.jpg
koniq10k_512x384\5670774641.jpg,0.019931554794311523,0.005186319351196289,0.024488449096679688,0.007677793502807617,5670774641.jpg
koniq10k_512x384\272411695.jpg,0.018299579620361328,0.0050411224365234375,0.023868799209594727,0.0069959163665771484,272411695.jpg
koniq10k_512x384\3669066809.jpg,0.018650054931640625,0.0049076080322265625,0.024370193481445312,0.007693052291870117,3669066809.jpg
koniq10k_512x384\8027425918.jpg,0.017200231552124023,0.0051991939544677734,0.02378559112548828,0.00823068618774414,8027425918.jpg
koniq10k_512x384\10068778516.jpg,0.02005290985107422,0.005735635757446289,0.025655269622802734,0.0077326297760009766,10068778516.jpg
koniq10k_512x384\8405979865.jpg,0.019065141677856445,0.004580259323120117,0.02456498146057129,0.00757288932800293,8405979865.jpg
koniq10k_512x384\5977893194.jpg,0.017802953720092773,0.005545377731323242,0.024793148040771484,0.0074253082275390625,5977893194.jpg
koniq10k_512x384\2980838635.jpg,0.018407106399536133,0.0053844451904296875,0.024442195892333984,0.008133649826049805,2980838635.jpg
koniq10k_512x384\5568534829.jpg,0.0193178653717041,0.0044956207275390625,0.02583765983581543,0.007641315460205078,5568534829.jpg
koniq10k_512x384\3809644203.jpg,0.02135491371154785,0.004827260971069336,0.025859594345092773,0.008098840713500977,3809644203.jpg
koniq10k_512x384\3983499964.jpg,0.01742386817932129,0.005257368087768555,0.02378368377685547,0.0072062015533447266,3983499964.jpg
koniq10k_512x384\5347293716.jpg,0.017745256423950195,0.005005836486816406,0.025452375411987305,0.007628440856933594,5347293716.jpg
koniq10k_512x384\8398239689.jpg,0.01859426498413086,0.005025148391723633,0.024929523468017578,0.0070383548736572266,8398239689.jpg
koniq10k_512x384\8179397976.jpg,0.018442153930664062,0.005568027496337891,0.02366805076599121,0.008143424987792969,8179397976.jpg
koniq10k_512x384\215794898.jpg,0.018863439559936523,0.0049457550048828125,0.0250856876373291,0.007024288177490234,215794898.jpg
koniq10k_512x384\2280668053.jpg,0.017871856689453125,0.004513740539550781,0.023101329803466797,0.00616455078125,2280668053.jpg
koniq10k_512x384\5459372516.jpg,0.017095327377319336,0.005263090133666992,0.023256778717041016,0.007059812545776367,5459372516.jpg
koniq10k_512x384\6030228496.jpg,0.018932104110717773,0.004837512969970703,0.025125503540039062,0.009496212005615234,6030228496.jpg
koniq10k_512x384\7005727843.jpg,0.018552064895629883,0.0048596858978271484,0.025631189346313477,0.006583690643310547,7005727843.jpg
koniq10k_512x384\4867994945.jpg,0.017422199249267578,0.005188703536987305,0.02365279197692871,0.007054328918457031,4867994945.jpg
koniq10k_512x384\6845434524.jpg,0.018796205520629883,0.005401611328125,0.02712726593017578,0.008067846298217773,6845434524.jpg
koniq10k_512x384\3711772310.jpg,0.018323659896850586,0.00574946403503418,0.024510622024536133,0.007292747497558594,3711772310.jpg
koniq10k_512x384\1807195948.jpg,0.018273353576660156,0.005520820617675781,0.023587703704833984,0.007344245910644531,1807195948.jpg
koniq10k_512x384\5288290650.jpg,0.018022537231445312,0.0045549869537353516,0.023307323455810547,0.007432460784912109,5288290650.jpg
koniq10k_512x384\5933359823.jpg,0.01856088638305664,0.0047359466552734375,0.02530527114868164,0.007880210876464844,5933359823.jpg
koniq10k_512x384\5513962677.jpg,0.017514944076538086,0.0053424835205078125,0.024467945098876953,0.00775456428527832,5513962677.jpg
koniq10k_512x384\8523298395.jpg,0.019454479217529297,0.005115032196044922,0.023723125457763672,0.007785320281982422,8523298395.jpg
koniq10k_512x384\5690945868.jpg,0.018709897994995117,0.004647970199584961,0.024736404418945312,0.007040739059448242,5690945868.jpg
koniq10k_512x384\3697493807.jpg,0.018494367599487305,0.005598306655883789,0.02389240264892578,0.0077931880950927734,3697493807.jpg
koniq10k_512x384\3976452832.jpg,0.018335580825805664,0.004721403121948242,0.02439284324645996,0.00728154182434082,3976452832.jpg
koniq10k_512x384\6728176335.jpg,0.01878070831298828,0.005437612533569336,0.023306846618652344,0.007130861282348633,6728176335.jpg
koniq10k_512x384\7641363622.jpg,0.017745018005371094,0.00484919548034668,0.024164438247680664,0.0072629451751708984,7641363622.jpg
koniq10k_512x384\7533737270.jpg,0.018725872039794922,0.00519561767578125,0.023340225219726562,0.007289886474609375,7533737270.jpg
koniq10k_512x384\4862383971.jpg,0.018239974975585938,0.004786968231201172,0.024006128311157227,0.00734710693359375,4862383971.jpg
koniq10k_512x384\5888106239.jpg,0.019981861114501953,0.005788564682006836,0.023592710494995117,0.007284641265869141,5888106239.jpg
koniq10k_512x384\8679754087.jpg,0.0188143253326416,0.004612922668457031,0.025353431701660156,0.007866144180297852,8679754087.jpg
koniq10k_512x384\11436508006.jpg,0.021078824996948242,0.00528717041015625,0.025188446044921875,0.008989572525024414,11436508006.jpg
koniq10k_512x384\9429089796.jpg,0.016858577728271484,0.005242586135864258,0.023460865020751953,0.0076906681060791016,9429089796.jpg
koniq10k_512x384\5711022887.jpg,0.018528461456298828,0.004916667938232422,0.024674177169799805,0.007550954818725586,5711022887.jpg
koniq10k_512x384\7893560424.jpg,0.018992185592651367,0.004857540130615234,0.02475905418395996,0.007298707962036133,7893560424.jpg
koniq10k_512x384\2415583702.jpg,0.01812005043029785,0.005681276321411133,0.023287296295166016,0.007414102554321289,2415583702.jpg
koniq10k_512x384\6127342377.jpg,0.01897573471069336,0.0044403076171875,0.024855852127075195,0.006814002990722656,6127342377.jpg
koniq10k_512x384\5803914327.jpg,0.019514799118041992,0.005589008331298828,0.023950576782226562,0.0074765682220458984,5803914327.jpg
koniq10k_512x384\6748287295.jpg,0.018120288848876953,0.005148887634277344,0.024971961975097656,0.0081634521484375,6748287295.jpg
koniq10k_512x384\8714823724.jpg,0.01805424690246582,0.005563974380493164,0.026913881301879883,0.0071451663970947266,8714823724.jpg
koniq10k_512x384\10692667386.jpg,0.019475698471069336,0.005689382553100586,0.024117231369018555,0.008289337158203125,10692667386.jpg
koniq10k_512x384\2292384520.jpg,0.018121004104614258,0.004778861999511719,0.024087905883789062,0.00855708122253418,2292384520.jpg
koniq10k_512x384\9919248523.jpg,0.019235849380493164,0.0044193267822265625,0.023799657821655273,0.007227420806884766,9919248523.jpg
koniq10k_512x384\5275524338.jpg,0.018548965454101562,0.004897594451904297,0.024572372436523438,0.007147789001464844,5275524338.jpg
koniq10k_512x384\9544478990.jpg,0.01735067367553711,0.005785226821899414,0.0236053466796875,0.007714271545410156,9544478990.jpg
koniq10k_512x384\7445548804.jpg,0.018119335174560547,0.004485607147216797,0.024875879287719727,0.007185935974121094,7445548804.jpg
koniq10k_512x384\6075825527.jpg,0.017438650131225586,0.004790544509887695,0.024372577667236328,0.007557868957519531,6075825527.jpg
koniq10k_512x384\4252888669.jpg,0.019052505493164062,0.006041765213012695,0.024193763732910156,0.007757663726806641,4252888669.jpg
koniq10k_512x384\5768167934.jpg,0.017894506454467773,0.004643440246582031,0.024547100067138672,0.00649714469909668,5768167934.jpg
koniq10k_512x384\8406491085.jpg,0.01876211166381836,0.006171226501464844,0.024642467498779297,0.008827686309814453,8406491085.jpg
koniq10k_512x384\8451928629.jpg,0.018612384796142578,0.004711151123046875,0.027570486068725586,0.007933378219604492,8451928629.jpg
koniq10k_512x384\9683345746.jpg,0.018122434616088867,0.004647254943847656,0.025063276290893555,0.007039785385131836,9683345746.jpg
koniq10k_512x384\5444850191.jpg,0.018053770065307617,0.005173206329345703,0.024298906326293945,0.00740361213684082,5444850191.jpg
koniq10k_512x384\10027582235.jpg,0.019547700881958008,0.004953861236572266,0.02478480339050293,0.007679939270019531,10027582235.jpg
koniq10k_512x384\6001444866.jpg,0.017267465591430664,0.004799604415893555,0.023242950439453125,0.007334470748901367,6001444866.jpg
koniq10k_512x384\430051470.jpg,0.018962383270263672,0.00633692741394043,0.025577306747436523,0.008012533187866211,430051470.jpg
koniq10k_512x384\5593028853.jpg,0.018179655075073242,0.004376888275146484,0.024544715881347656,0.0066680908203125,5593028853.jpg
koniq10k_512x384\398551269.jpg,0.01769852638244629,0.004821062088012695,0.02377629280090332,0.007554531097412109,398551269.jpg
koniq10k_512x384\9941134286.jpg,0.020575761795043945,0.004667997360229492,0.0248715877532959,0.007354021072387695,9941134286.jpg
koniq10k_512x384\6326886913.jpg,0.018210649490356445,0.005486011505126953,0.02461695671081543,0.007090568542480469,6326886913.jpg
koniq10k_512x384\5958950790.jpg,0.01762700080871582,0.004805326461791992,0.02492666244506836,0.007543087005615234,5958950790.jpg
koniq10k_512x384\5585956743.jpg,0.01725459098815918,0.005421161651611328,0.024887800216674805,0.007974863052368164,5585956743.jpg
koniq10k_512x384\561215186.jpg,0.018125534057617188,0.004456043243408203,0.023797273635864258,0.007144451141357422,561215186.jpg
koniq10k_512x384\6845848072.jpg,0.017351865768432617,0.005246639251708984,0.024227142333984375,0.00724339485168457,6845848072.jpg
koniq10k_512x384\8985551582.jpg,0.018178462982177734,0.004292011260986328,0.023066282272338867,0.006793022155761719,8985551582.jpg
koniq10k_512x384\2713735764.jpg,0.01808309555053711,0.005689382553100586,0.02811145782470703,0.007359027862548828,2713735764.jpg
koniq10k_512x384\3084860790.jpg,0.017608642578125,0.004488229751586914,0.024953365325927734,0.006995439529418945,3084860790.jpg
koniq10k_512x384\8338842182.jpg,0.018245935440063477,0.005945920944213867,0.02389979362487793,0.009347915649414062,8338842182.jpg
koniq10k_512x384\8417199212.jpg,0.01849198341369629,0.005048036575317383,0.024830341339111328,0.007802724838256836,8417199212.jpg
koniq10k_512x384\4360193081.jpg,0.018224477767944336,0.004670858383178711,0.024622678756713867,0.0070192813873291016,4360193081.jpg
koniq10k_512x384\5498204974.jpg,0.018175363540649414,0.004865407943725586,0.023830890655517578,0.007101297378540039,5498204974.jpg
koniq10k_512x384\6073381897.jpg,0.01891493797302246,0.004730701446533203,0.02639007568359375,0.011199951171875,6073381897.jpg
koniq10k_512x384\3922421993.jpg,0.021379470825195312,0.006518840789794922,0.028437376022338867,0.007202863693237305,3922421993.jpg
koniq10k_512x384\10226277514.jpg,0.01704883575439453,0.004709720611572266,0.023799896240234375,0.007410287857055664,10226277514.jpg
koniq10k_512x384\2448776548.jpg,0.017106056213378906,0.0045833587646484375,0.0234377384185791,0.007289886474609375,2448776548.jpg
koniq10k_512x384\4302524395.jpg,0.01774144172668457,0.004647254943847656,0.02398991584777832,0.007181644439697266,4302524395.jpg
koniq10k_512x384\6469192803.jpg,0.018494844436645508,0.004917621612548828,0.02511119842529297,0.007427215576171875,6469192803.jpg
koniq10k_512x384\8253280616.jpg,0.01923203468322754,0.004454135894775391,0.025589466094970703,0.00763702392578125,8253280616.jpg
koniq10k_512x384\496162577.jpg,0.02119278907775879,0.00471806526184082,0.024860858917236328,0.007090091705322266,496162577.jpg
koniq10k_512x384\5142391146.jpg,0.017435550689697266,0.00537562370300293,0.02406167984008789,0.0077135562896728516,5142391146.jpg
koniq10k_512x384\5588234773.jpg,0.01810455322265625,0.004399538040161133,0.022973060607910156,0.007693767547607422,5588234773.jpg
koniq10k_512x384\6793966090.jpg,0.017852783203125,0.00446629524230957,0.023703336715698242,0.005914211273193359,6793966090.jpg
koniq10k_512x384\9258059092.jpg,0.017528772354125977,0.004895448684692383,0.025671005249023438,0.0075528621673583984,9258059092.jpg
koniq10k_512x384\4689159899.jpg,0.018557310104370117,0.004728555679321289,0.024518251419067383,0.006689548492431641,4689159899.jpg
koniq10k_512x384\8259404043.jpg,0.017868518829345703,0.00560760498046875,0.024050235748291016,0.008204936981201172,8259404043.jpg
koniq10k_512x384\4187182991.jpg,0.020511388778686523,0.005627870559692383,0.024913311004638672,0.009331464767456055,4187182991.jpg
koniq10k_512x384\5403603296.jpg,0.019378662109375,0.005000591278076172,0.024924516677856445,0.008193492889404297,5403603296.jpg
koniq10k_512x384\4548596684.jpg,0.02036762237548828,0.004916667938232422,0.025035858154296875,0.007368564605712891,4548596684.jpg
koniq10k_512x384\4689181626.jpg,0.017299413681030273,0.005048274993896484,0.023372411727905273,0.007449150085449219,4689181626.jpg
koniq10k_512x384\5673447503.jpg,0.019737720489501953,0.004584074020385742,0.02643299102783203,0.0071811676025390625,5673447503.jpg
koniq10k_512x384\8347284037.jpg,0.01822376251220703,0.0045812129974365234,0.023494243621826172,0.00748896598815918,8347284037.jpg
koniq10k_512x384\11522984926.jpg,0.019687414169311523,0.0050220489501953125,0.02392864227294922,0.007168292999267578,11522984926.jpg
koniq10k_512x384\8860399629.jpg,0.01861119270324707,0.004387378692626953,0.02360677719116211,0.0071468353271484375,8860399629.jpg
koniq10k_512x384\6050570749.jpg,0.01833796501159668,0.0045549869537353516,0.023581504821777344,0.00785374641418457,6050570749.jpg
koniq10k_512x384\5174677992.jpg,0.017450571060180664,0.0051882266998291016,0.024689912796020508,0.007337808609008789,5174677992.jpg
koniq10k_512x384\6306859998.jpg,0.019681215286254883,0.005584239959716797,0.026709794998168945,0.007547855377197266,6306859998.jpg
koniq10k_512x384\9433458685.jpg,0.018835067749023438,0.0044476985931396484,0.02469182014465332,0.00577545166015625,9433458685.jpg
koniq10k_512x384\3482375790.jpg,0.017579078674316406,0.005690097808837891,0.023743629455566406,0.0076906681060791016,3482375790.jpg
koniq10k_512x384\4940996206.jpg,0.018062591552734375,0.004494667053222656,0.024167299270629883,0.007142782211303711,4940996206.jpg
koniq10k_512x384\5794758875.jpg,0.017187118530273438,0.0051572322845458984,0.02339792251586914,0.007909536361694336,5794758875.jpg
koniq10k_512x384\9353536560.jpg,0.017812013626098633,0.0057599544525146484,0.02532505989074707,0.006926298141479492,9353536560.jpg
koniq10k_512x384\6652263581.jpg,0.0189206600189209,0.005707502365112305,0.024004459381103516,0.0075817108154296875,6652263581.jpg
koniq10k_512x384\6703759327.jpg,0.018150806427001953,0.004772663116455078,0.023906946182250977,0.007380485534667969,6703759327.jpg
koniq10k_512x384\5824082232.jpg,0.017095088958740234,0.005173444747924805,0.024407625198364258,0.008859872817993164,5824082232.jpg
koniq10k_512x384\3847022878.jpg,0.01814866065979004,0.0043256282806396484,0.023441553115844727,0.00686955451965332,3847022878.jpg
koniq10k_512x384\9505522131.jpg,0.02021169662475586,0.006230354309082031,0.0251617431640625,0.0077037811279296875,9505522131.jpg
koniq10k_512x384\7914714726.jpg,0.018292903900146484,0.0053141117095947266,0.024199962615966797,0.008782625198364258,7914714726.jpg
koniq10k_512x384\8492640738.jpg,0.01914072036743164,0.0048980712890625,0.02544689178466797,0.008026361465454102,8492640738.jpg
koniq10k_512x384\6630214003.jpg,0.01907205581665039,0.005112409591674805,0.02569103240966797,0.007828712463378906,6630214003.jpg
koniq10k_512x384\9401118786.jpg,0.017333984375,0.005334377288818359,0.024763822555541992,0.0067255496978759766,9401118786.jpg
koniq10k_512x384\7861079240.jpg,0.01856207847595215,0.0044367313385009766,0.0244748592376709,0.006784915924072266,7861079240.jpg
koniq10k_512x384\7089392359.jpg,0.01885223388671875,0.00628972053527832,0.02496957778930664,0.007618904113769531,7089392359.jpg
koniq10k_512x384\4018879156.jpg,0.018662452697753906,0.004605293273925781,0.024484634399414062,0.007267475128173828,4018879156.jpg
koniq10k_512x384\10213881683.jpg,0.0171506404876709,0.0052471160888671875,0.0241241455078125,0.00749659538269043,10213881683.jpg
koniq10k_512x384\7051563883.jpg,0.019231081008911133,0.0049936771392822266,0.024244070053100586,0.007762908935546875,7051563883.jpg
koniq10k_512x384\1296759644.jpg,0.01700425148010254,0.005284547805786133,0.024127960205078125,0.007126808166503906,1296759644.jpg
koniq10k_512x384\414892775.jpg,0.018921852111816406,0.004936695098876953,0.02497553825378418,0.00952601432800293,414892775.jpg
koniq10k_512x384\1240561841.jpg,0.019834041595458984,0.004835605621337891,0.024766921997070312,0.007761478424072266,1240561841.jpg
koniq10k_512x384\7196174704.jpg,0.016730070114135742,0.005696296691894531,0.023881196975708008,0.0075953006744384766,7196174704.jpg
koniq10k_512x384\5592040758.jpg,0.0192105770111084,0.004792213439941406,0.025396347045898438,0.007485628128051758,5592040758.jpg
koniq10k_512x384\8321981131.jpg,0.019905805587768555,0.00441431999206543,0.02429938316345215,0.006815671920776367,8321981131.jpg
koniq10k_512x384\7841962592.jpg,0.018537521362304688,0.006559133529663086,0.024029254913330078,0.008372783660888672,7841962592.jpg
koniq10k_512x384\9049275396.jpg,0.01844191551208496,0.0048372745513916016,0.024973392486572266,0.008135557174682617,9049275396.jpg
koniq10k_512x384\4157689684.jpg,0.018097400665283203,0.004763126373291016,0.02637338638305664,0.0068204402923583984,4157689684.jpg
koniq10k_512x384\3106852276.jpg,0.017872333526611328,0.005115032196044922,0.023444652557373047,0.007398128509521484,3106852276.jpg
koniq10k_512x384\8020716606.jpg,0.017566204071044922,0.005223989486694336,0.02705216407775879,0.0068705081939697266,8020716606.jpg
koniq10k_512x384\5960283649.jpg,0.0180513858795166,0.005128145217895508,0.023108243942260742,0.007734060287475586,5960283649.jpg
koniq10k_512x384\9680493700.jpg,0.019230365753173828,0.0046291351318359375,0.023906707763671875,0.007266998291015625,9680493700.jpg
koniq10k_512x384\5828251146.jpg,0.017901897430419922,0.005269289016723633,0.024248838424682617,0.00794839859008789,5828251146.jpg
koniq10k_512x384\4952399474.jpg,0.01963496208190918,0.004705905914306641,0.02524280548095703,0.0074346065521240234,4952399474.jpg
koniq10k_512x384\4107362083.jpg,0.017237186431884766,0.005576372146606445,0.022437572479248047,0.0076923370361328125,4107362083.jpg
koniq10k_512x384\9036022986.jpg,0.019109249114990234,0.004580974578857422,0.025062084197998047,0.007669210433959961,9036022986.jpg
koniq10k_512x384\8393175128.jpg,0.017906904220581055,0.005332469940185547,0.02887105941772461,0.007162332534790039,8393175128.jpg
koniq10k_512x384\5681785926.jpg,0.01899409294128418,0.005643129348754883,0.025084257125854492,0.0070569515228271484,5681785926.jpg
koniq10k_512x384\5683735781.jpg,0.01835012435913086,0.0053863525390625,0.023955345153808594,0.0071756839752197266,5683735781.jpg
koniq10k_512x384\4130373740.jpg,0.018639802932739258,0.004741191864013672,0.02427220344543457,0.00690913200378418,4130373740.jpg
koniq10k_512x384\2951329736.jpg,0.017612218856811523,0.0046079158782958984,0.02327704429626465,0.007960796356201172,2951329736.jpg
koniq10k_512x384\7520058110.jpg,0.017563343048095703,0.006033897399902344,0.02494955062866211,0.007294416427612305,7520058110.jpg
koniq10k_512x384\8710250301.jpg,0.01774001121520996,0.004522085189819336,0.02390456199645996,0.007225990295410156,8710250301.jpg
koniq10k_512x384\1565882132.jpg,0.01701498031616211,0.006081104278564453,0.023100852966308594,0.008163690567016602,1565882132.jpg
koniq10k_512x384\9365989820.jpg,0.017892122268676758,0.004864931106567383,0.02425098419189453,0.008106708526611328,9365989820.jpg
koniq10k_512x384\7640299878.jpg,0.017706871032714844,0.005393028259277344,0.023611068725585938,0.008056402206420898,7640299878.jpg
koniq10k_512x384\10265809113.jpg,0.01810145378112793,0.005458831787109375,0.024153947830200195,0.008141756057739258,10265809113.jpg
koniq10k_512x384\7222733996.jpg,0.017603397369384766,0.005202531814575195,0.028629064559936523,0.009432792663574219,7222733996.jpg
koniq10k_512x384\5999140032.jpg,0.017566442489624023,0.004665851593017578,0.022558927536010742,0.007172346115112305,5999140032.jpg
koniq10k_512x384\2431828879.jpg,0.018352985382080078,0.004913330078125,0.024253368377685547,0.009349822998046875,2431828879.jpg
koniq10k_512x384\4529654985.jpg,0.017055749893188477,0.00474095344543457,0.02400040626525879,0.0070307254791259766,4529654985.jpg
koniq10k_512x384\457397602.jpg,0.018833637237548828,0.004793643951416016,0.02390432357788086,0.007186174392700195,457397602.jpg
koniq10k_512x384\5926348208.jpg,0.017737388610839844,0.005331277847290039,0.023131132125854492,0.0073490142822265625,5926348208.jpg
koniq10k_512x384\6343064519.jpg,0.019387483596801758,0.0057373046875,0.0254669189453125,0.00750422477722168,6343064519.jpg
koniq10k_512x384\8387487827.jpg,0.019954204559326172,0.010488033294677734,0.03590583801269531,0.009272336959838867,8387487827.jpg
koniq10k_512x384\7555880012.jpg,0.017912626266479492,0.004945516586303711,0.0240478515625,0.007014036178588867,7555880012.jpg
koniq10k_512x384\7668828488.jpg,0.017186880111694336,0.004850149154663086,0.0229647159576416,0.008139371871948242,7668828488.jpg
koniq10k_512x384\5129172.jpg,0.01898193359375,0.004380464553833008,0.02569866180419922,0.008044242858886719,5129172.jpg
koniq10k_512x384\3093435000.jpg,0.01965951919555664,0.004641532897949219,0.025371074676513672,0.0070912837982177734,3093435000.jpg
koniq10k_512x384\136287514.jpg,0.019589900970458984,0.005945682525634766,0.02465081214904785,0.007490396499633789,136287514.jpg
koniq10k_512x384\3840546727.jpg,0.01777172088623047,0.004607200622558594,0.0236666202545166,0.0068552494049072266,3840546727.jpg
koniq10k_512x384\3577744786.jpg,0.018124103546142578,0.005245208740234375,0.023261547088623047,0.008322477340698242,3577744786.jpg
koniq10k_512x384\6337822588.jpg,0.01876664161682129,0.004832267761230469,0.02496337890625,0.008057117462158203,6337822588.jpg
koniq10k_512x384\4685744038.jpg,0.016974925994873047,0.005362272262573242,0.024062395095825195,0.007515430450439453,4685744038.jpg
koniq10k_512x384\5158869275.jpg,0.01770925521850586,0.004403591156005859,0.02346944808959961,0.006749391555786133,5158869275.jpg
koniq10k_512x384\8242811234.jpg,0.01776599884033203,0.005375385284423828,0.023418426513671875,0.00748133659362793,8242811234.jpg
koniq10k_512x384\4178406108.jpg,0.01691126823425293,0.00453495979309082,0.02382969856262207,0.0069484710693359375,4178406108.jpg
koniq10k_512x384\6366586615.jpg,0.017882347106933594,0.004422426223754883,0.02427363395690918,0.006822347640991211,6366586615.jpg
koniq10k_512x384\3052939128.jpg,0.017230510711669922,0.005101203918457031,0.023902177810668945,0.0073299407958984375,3052939128.jpg
koniq10k_512x384\9733980007.jpg,0.0188596248626709,0.0044536590576171875,0.02688002586364746,0.006471395492553711,9733980007.jpg
koniq10k_512x384\7744113492.jpg,0.020967721939086914,0.0051157474517822266,0.026499032974243164,0.00742340087890625,7744113492.jpg
koniq10k_512x384\5511925995.jpg,0.018741369247436523,0.005957365036010742,0.02484917640686035,0.008021831512451172,5511925995.jpg
koniq10k_512x384\468764619.jpg,0.01859760284423828,0.0054171085357666016,0.023207664489746094,0.007935762405395508,468764619.jpg
koniq10k_512x384\6711319143.jpg,0.018258333206176758,0.004848003387451172,0.024830341339111328,0.006456613540649414,6711319143.jpg
koniq10k_512x384\9324654543.jpg,0.01803731918334961,0.0052111148834228516,0.02403402328491211,0.007735490798950195,9324654543.jpg
koniq10k_512x384\6930075142.jpg,0.018763065338134766,0.0050661563873291016,0.02527332305908203,0.0071794986724853516,6930075142.jpg
koniq10k_512x384\3120415423.jpg,0.018492460250854492,0.005324363708496094,0.024018526077270508,0.007924318313598633,3120415423.jpg
koniq10k_512x384\7946380974.jpg,0.01882457733154297,0.0047473907470703125,0.025739431381225586,0.007884740829467773,7946380974.jpg
koniq10k_512x384\34713269.jpg,0.01776576042175293,0.005005598068237305,0.024312973022460938,0.007550716400146484,34713269.jpg
koniq10k_512x384\1289162225.jpg,0.018765687942504883,0.0053081512451171875,0.02480030059814453,0.007432699203491211,1289162225.jpg
koniq10k_512x384\5891437045.jpg,0.019984722137451172,0.004927873611450195,0.02406477928161621,0.008397340774536133,5891437045.jpg
koniq10k_512x384\7613152858.jpg,0.01715373992919922,0.005776166915893555,0.023830413818359375,0.008499622344970703,7613152858.jpg
koniq10k_512x384\3609983548.jpg,0.02134847640991211,0.00586390495300293,0.025060176849365234,0.00741124153137207,3609983548.jpg
koniq10k_512x384\2656455723.jpg,0.019752979278564453,0.005537986755371094,0.03118729591369629,0.007140636444091797,2656455723.jpg
koniq10k_512x384\1494601659.jpg,0.017195701599121094,0.00564265251159668,0.023238420486450195,0.0072405338287353516,1494601659.jpg
koniq10k_512x384\8620919369.jpg,0.016932249069213867,0.005049228668212891,0.024431705474853516,0.007510185241699219,8620919369.jpg
koniq10k_512x384\9249869281.jpg,0.018368005752563477,0.004937887191772461,0.023799657821655273,0.007854461669921875,9249869281.jpg
koniq10k_512x384\8356375190.jpg,0.017409563064575195,0.0052568912506103516,0.023051738739013672,0.007939338684082031,8356375190.jpg
koniq10k_512x384\7780172596.jpg,0.01835179328918457,0.004697084426879883,0.023552656173706055,0.007274627685546875,7780172596.jpg
koniq10k_512x384\8325420861.jpg,0.017793893814086914,0.005465269088745117,0.024698972702026367,0.007373332977294922,8325420861.jpg
koniq10k_512x384\7705365342.jpg,0.018889904022216797,0.004964113235473633,0.023333072662353516,0.008139371871948242,7705365342.jpg
koniq10k_512x384\4819847439.jpg,0.017280101776123047,0.005869150161743164,0.02417755126953125,0.006383657455444336,4819847439.jpg
koniq10k_512x384\3962244093.jpg,0.019068479537963867,0.004389286041259766,0.023732900619506836,0.006239652633666992,3962244093.jpg
koniq10k_512x384\9538674147.jpg,0.0171048641204834,0.005528688430786133,0.024516820907592773,0.007601499557495117,9538674147.jpg
koniq10k_512x384\6158806771.jpg,0.01891160011291504,0.0045108795166015625,0.025249719619750977,0.00694584846496582,6158806771.jpg
koniq10k_512x384\629401204.jpg,0.019266843795776367,0.005806446075439453,0.025058507919311523,0.007297039031982422,629401204.jpg
koniq10k_512x384\2376113642.jpg,0.01979970932006836,0.004717826843261719,0.02335214614868164,0.007195234298706055,2376113642.jpg
koniq10k_512x384\8353492181.jpg,0.017301082611083984,0.005002021789550781,0.02389836311340332,0.007236003875732422,8353492181.jpg
koniq10k_512x384\7297259404.jpg,0.018431901931762695,0.0045969486236572266,0.026859521865844727,0.008102655410766602,7297259404.jpg
koniq10k_512x384\304760277.jpg,0.01826953887939453,0.005066871643066406,0.024633407592773438,0.00762629508972168,304760277.jpg
koniq10k_512x384\10856757.jpg,0.017889022827148438,0.004924297332763672,0.02404308319091797,0.0075566768646240234,10856757.jpg
koniq10k_512x384\5651460875.jpg,0.018555402755737305,0.0045392513275146484,0.02461409568786621,0.0071108341217041016,5651460875.jpg
koniq10k_512x384\4127400247.jpg,0.017930269241333008,0.00503230094909668,0.02347707748413086,0.008432149887084961,4127400247.jpg
koniq10k_512x384\2138715193.jpg,0.018757104873657227,0.004754066467285156,0.02419567108154297,0.007009029388427734,2138715193.jpg
koniq10k_512x384\4244935320.jpg,0.018548965454101562,0.005367755889892578,0.02334761619567871,0.008095026016235352,4244935320.jpg
koniq10k_512x384\10258169584.jpg,0.018949508666992188,0.004976034164428711,0.024563074111938477,0.008577585220336914,10258169584.jpg
koniq10k_512x384\3378003631.jpg,0.019207000732421875,0.005029916763305664,0.024641036987304688,0.0077991485595703125,3378003631.jpg
koniq10k_512x384\1392405539.jpg,0.018648862838745117,0.006331205368041992,0.024997949600219727,0.007729053497314453,1392405539.jpg
koniq10k_512x384\6530075543.jpg,0.018869400024414062,0.004885196685791016,0.02322864532470703,0.007607460021972656,6530075543.jpg
koniq10k_512x384\3505262206.jpg,0.01712799072265625,0.005339145660400391,0.023499488830566406,0.008022785186767578,3505262206.jpg
koniq10k_512x384\5316693478.jpg,0.018343448638916016,0.004858970642089844,0.025685787200927734,0.007636308670043945,5316693478.jpg
koniq10k_512x384\4026925102.jpg,0.017984867095947266,0.004842281341552734,0.02292799949645996,0.007626056671142578,4026925102.jpg
koniq10k_512x384\2142428164.jpg,0.022115230560302734,0.005743741989135742,0.02511429786682129,0.0077097415924072266,2142428164.jpg
koniq10k_512x384\6746049049.jpg,0.01897120475769043,0.005349874496459961,0.023663759231567383,0.0072460174560546875,6746049049.jpg
koniq10k_512x384\5053500577.jpg,0.01833629608154297,0.0054547786712646484,0.023990392684936523,0.007380962371826172,5053500577.jpg
koniq10k_512x384\6537249483.jpg,0.017447948455810547,0.004469394683837891,0.024145841598510742,0.006073713302612305,6537249483.jpg
koniq10k_512x384\7393631040.jpg,0.01924419403076172,0.010466814041137695,0.024950504302978516,0.008828878402709961,7393631040.jpg
koniq10k_512x384\4696097531.jpg,0.0228729248046875,0.005022764205932617,0.02356743812561035,0.0072100162506103516,4696097531.jpg
koniq10k_512x384\5036262446.jpg,0.018096923828125,0.004765033721923828,0.023524999618530273,0.007805347442626953,5036262446.jpg
koniq10k_512x384\9344542617.jpg,0.020212650299072266,0.005143642425537109,0.0240476131439209,0.007440805435180664,9344542617.jpg
koniq10k_512x384\7328195954.jpg,0.019276857376098633,0.005460500717163086,0.02591872215270996,0.007600545883178711,7328195954.jpg
koniq10k_512x384\7013076503.jpg,0.019343137741088867,0.0051348209381103516,0.02587604522705078,0.007198810577392578,7013076503.jpg
koniq10k_512x384\8380369304.jpg,0.01835465431213379,0.005258321762084961,0.02400493621826172,0.0071964263916015625,8380369304.jpg
koniq10k_512x384\4265877256.jpg,0.017761707305908203,0.004539012908935547,0.024698257446289062,0.007127285003662109,4265877256.jpg
koniq10k_512x384\3649082846.jpg,0.01899266242980957,0.005560159683227539,0.023125648498535156,0.008044719696044922,3649082846.jpg
koniq10k_512x384\5197644731.jpg,0.01837158203125,0.004535675048828125,0.023845672607421875,0.007172584533691406,5197644731.jpg
koniq10k_512x384\5014526130.jpg,0.01843118667602539,0.005141735076904297,0.024507522583007812,0.0076160430908203125,5014526130.jpg
koniq10k_512x384\6696763655.jpg,0.018283367156982422,0.004646778106689453,0.023472309112548828,0.0071451663970947266,6696763655.jpg
koniq10k_512x384\9758297555.jpg,0.018497943878173828,0.005042552947998047,0.023657798767089844,0.007796525955200195,9758297555.jpg
koniq10k_512x384\9264744599.jpg,0.018414735794067383,0.004311561584472656,0.022586822509765625,0.007039546966552734,9264744599.jpg
koniq10k_512x384\5895477446.jpg,0.019301652908325195,0.004743337631225586,0.024110078811645508,0.007941722869873047,5895477446.jpg
koniq10k_512x384\4743492963.jpg,0.019062519073486328,0.005173206329345703,0.024223804473876953,0.007275819778442383,4743492963.jpg
koniq10k_512x384\4299510764.jpg,0.02015542984008789,0.005360603332519531,0.02446293830871582,0.007514476776123047,4299510764.jpg
koniq10k_512x384\9439902792.jpg,0.018968582153320312,0.004935264587402344,0.024312734603881836,0.008226394653320312,9439902792.jpg
